sim_timestamp,optimizer_time,optimizer_cost,optimizer_iterations,optimizer_success,optimizer_status,optimizer_message,optimizer_nfev,current_speed_mps,target_speed_mps,current_steer_angle_rad,target_steer_angle_rad,target_steer_rate_rps,optimal_steer_rate_cmd,optimal_accel_cmd,applied_throttle,applied_brake,applied_steer
4.072,0.0065,0.0000,1,True,0,Optimization terminated successfully,21,1.711,1.711,0.000,0.000,0.000,0.000,0.000,0.000,0.000,0.000
4.118,0.0059,0.0000,1,True,0,Optimization terminated successfully,21,1.994,1.994,0.000,0.000,0.000,0.000,0.000,0.000,0.000,0.000
4.145,0.0058,0.0000,1,True,0,Optimization terminated successfully,21,2.205,2.205,0.000,0.000,0.000,0.000,0.000,0.000,0.000,0.000
4.174,0.0062,0.0000,1,True,0,Optimization terminated successfully,21,2.403,2.403,0.000,0.000,0.000,0.000,0.000,0.000,0.000,0.000
4.204,0.0075,0.0000,1,True,0,Optimization terminated successfully,21,2.600,2.600,0.000,0.000,0.000,0.000,0.000,0.000,0.000,0.000
4.237,0.0058,0.0000,1,True,0,Optimization terminated successfully,21,2.603,2.603,0.000,0.000,0.000,0.000,0.000,0.000,0.000,0.000
4.272,0.0057,0.0000,1,True,0,Optimization terminated successfully,21,2.300,2.300,0.000,0.000,0.000,0.000,0.000,0.000,0.000,0.000
4.301,0.0059,0.0000,1,True,0,Optimization terminated successfully,21,1.943,1.943,0.000,0.000,0.000,0.000,0.000,0.000,0.000,0.000
4.329,0.0057,0.0000,1,True,0,Optimization terminated successfully,21,1.612,1.612,0.000,0.000,0.000,0.000,0.000,0.000,0.000,0.000
4.357,0.0076,0.0000,1,True,0,Optimization terminated successfully,21,1.326,1.326,0.000,0.000,0.000,0.000,0.000,0.000,0.000,0.000
4.371,0.0057,0.0000,1,True,0,Optimization terminated successfully,21,1.038,1.038,0.000,0.000,0.000,0.000,0.000,0.000,0.000,0.000
4.414,0.0057,0.0000,1,True,0,Optimization terminated successfully,21,0.794,0.794,0.000,0.000,0.000,0.000,0.000,0.000,0.000,0.000
4.443,0.0058,0.0000,1,True,0,Optimization terminated successfully,21,0.592,0.592,0.000,0.000,0.000,0.000,0.000,0.000,0.000,0.000
4.472,0.0058,0.0000,1,True,0,Optimization terminated successfully,21,0.432,0.432,0.000,0.000,0.000,0.000,0.000,0.000,0.000,0.000
4.503,0.0057,0.0000,1,True,0,Optimization terminated successfully,21,0.315,0.315,0.000,0.000,0.000,0.000,0.000,0.000,0.000,0.000
4.534,0.0059,0.0000,1,True,0,Optimization terminated successfully,21,0.244,0.244,0.000,0.000,0.000,0.000,0.000,0.000,0.000,0.000
4.549,0.0060,0.0000,1,True,0,Optimization terminated successfully,21,0.212,0.212,0.000,0.000,0.000,0.000,0.000,0.000,0.000,0.000
4.596,0.0057,0.0000,1,True,0,Optimization terminated successfully,21,0.197,0.197,0.000,0.000,0.000,0.000,0.000,0.000,0.000,0.000
4.626,0.0066,0.0000,1,True,0,Optimization terminated successfully,21,0.188,0.188,0.000,0.000,0.000,0.000,0.000,0.000,0.000,0.000
4.655,0.0057,0.0000,1,True,0,Optimization terminated successfully,21,0.177,0.177,0.000,0.000,0.000,0.000,0.000,0.000,0.000,0.000
4.685,0.0060,0.0000,1,True,0,Optimization terminated successfully,21,0.161,0.161,0.000,0.000,0.000,0.000,0.000,0.000,0.000,0.000
4.715,0.0057,0.0000,1,True,0,Optimization terminated successfully,21,0.142,0.142,0.000,0.000,0.000,0.000,0.000,0.000,0.000,0.000
4.745,0.0059,0.0000,1,True,0,Optimization terminated successfully,21,0.123,0.123,0.000,0.000,0.000,0.000,0.000,0.000,0.000,0.000
4.776,0.0076,0.0000,1,True,0,Optimization terminated successfully,21,0.105,0.105,0.000,0.000,0.000,0.000,0.000,0.000,0.000,0.000
4.805,0.0083,0.0000,1,True,0,Optimization terminated successfully,21,0.088,0.088,0.000,0.000,0.000,0.000,0.000,0.000,0.000,0.000
4.819,0.0255,0.0057,3,True,0,Optimization terminated successfully,65,0.073,0.073,0.000,0.000,-0.056,-0.013,-0.000,0.000,0.000,-0.001
4.862,0.0179,0.0067,2,True,0,Optimization terminated successfully,45,0.061,0.061,0.000,0.000,-0.062,-0.025,0.000,0.000,0.000,-0.001
4.894,0.0161,0.0086,2,True,0,Optimization terminated successfully,45,0.050,0.050,-0.000,0.000,-0.070,-0.028,-0.000,0.000,0.000,-0.001
4.929,0.0187,0.0143,3,True,0,Optimization terminated successfully,65,0.040,0.040,-0.000,0.000,-0.090,-0.037,0.000,0.000,0.000,-0.002
4.959,0.0148,0.0107,2,True,0,Optimization terminated successfully,45,0.033,0.033,-0.001,0.004,-0.071,-0.026,-0.000,0.000,0.000,-0.002
4.989,0.0190,0.0476,3,True,0,Optimization terminated successfully,67,0.027,0.027,-0.001,0.054,-0.030,0.026,-0.000,0.000,0.000,0.000
5.020,0.0315,0.1221,5,True,0,Optimization terminated successfully,110,0.021,0.021,-0.001,0.098,0.000,0.061,-0.000,0.000,0.000,0.002
5.050,0.0257,0.2167,4,True,0,Optimization terminated successfully,88,0.017,0.017,-0.001,0.138,0.039,0.101,0.001,0.000,0.000,0.003
5.081,0.0144,0.2231,2,True,0,Optimization terminated successfully,45,0.014,0.014,-0.000,0.142,0.054,0.108,-0.002,0.000,0.000,0.004
5.096,0.0190,0.1721,3,True,0,Optimization terminated successfully,67,0.011,0.011,0.000,0.127,0.056,0.101,0.002,0.000,0.000,0.004
5.141,0.0172,0.1570,2,True,0,Optimization terminated successfully,45,0.009,0.009,0.001,0.122,0.047,0.096,0.001,0.000,0.000,0.005
5.155,0.0217,0.1024,3,True,0,Optimization terminated successfully,67,0.007,0.007,0.002,0.096,0.020,0.066,-0.000,0.000,0.000,0.005
5.186,0.0165,0.0750,2,True,0,Optimization terminated successfully,45,0.006,0.006,0.003,0.082,0.006,0.051,-0.000,0.000,0.000,0.005
5.216,0.0131,0.0560,2,True,0,Optimization terminated successfully,45,0.005,0.005,0.004,0.071,0.000,0.042,0.000,0.000,0.000,0.005
5.261,0.0065,0.0550,1,True,0,Optimization terminated successfully,23,0.004,0.004,0.004,0.071,0.000,0.044,0.001,0.000,0.000,0.005
5.276,0.0065,0.0543,1,True,0,Optimization terminated successfully,23,0.003,0.003,0.005,0.071,0.000,0.044,0.001,0.000,0.000,0.006
5.326,0.0069,0.0627,1,True,0,Optimization terminated successfully,23,0.002,0.002,0.006,0.076,0.000,0.046,0.002,0.000,0.000,0.006
5.356,0.0190,0.0746,3,True,0,Optimization terminated successfully,67,0.002,0.002,0.006,0.083,0.000,0.047,-0.001,0.000,0.000,0.007
5.385,0.0062,0.0793,1,True,0,Optimization terminated successfully,23,0.002,0.002,0.006,0.087,0.005,0.050,-0.001,0.000,0.000,0.007
5.415,0.0064,0.0788,1,True,0,Optimization terminated successfully,23,0.001,0.001,0.007,0.087,0.005,0.058,0.001,0.000,0.000,0.008
5.443,0.0203,0.0731,3,True,0,Optimization terminated successfully,67,0.001,0.001,0.007,0.086,0.010,0.052,-0.001,0.000,0.000,0.008
5.474,0.0064,0.0588,1,True,0,Optimization terminated successfully,23,0.001,0.001,0.008,0.079,0.014,0.052,-0.001,0.000,0.000,0.009
5.505,0.0066,0.0373,1,True,0,Optimization terminated successfully,23,0.001,0.001,0.008,0.065,0.013,0.051,0.000,0.000,0.000,0.009
5.533,0.0128,0.0227,2,True,0,Optimization terminated successfully,45,0.001,0.001,0.009,0.052,0.004,0.028,-0.000,0.000,0.000,0.008
5.562,0.0302,1726.3272,5,True,0,Optimization terminated successfully,106,0.001,13.889,0.009,0.040,0.000,0.021,3.000,1.000,0.000,0.009
5.593,0.0241,1726.3362,4,True,0,Optimization terminated successfully,87,0.001,13.889,0.010,0.039,0.000,0.020,3.000,1.000,0.000,0.009
5.628,0.0239,1726.3537,4,True,0,Optimization terminated successfully,85,0.001,13.889,0.010,0.041,0.000,0.025,3.000,1.000,0.000,0.009
5.657,0.0246,1725.5800,4,True,0,Optimization terminated successfully,85,0.004,13.889,0.010,0.043,0.000,0.024,3.000,1.000,0.000,0.009
5.671,0.0235,1724.9849,4,True,0,Optimization terminated successfully,85,0.006,13.889,0.010,0.050,-0.001,0.023,3.000,1.000,0.000,0.009
5.717,0.0251,1724.5375,4,True,0,Optimization terminated successfully,85,0.008,13.889,0.011,0.050,-0.001,0.029,3.000,1.000,0.000,0.010
5.731,0.0233,1724.2502,4,True,0,Optimization terminated successfully,85,0.009,13.889,0.011,0.050,-0.001,0.031,3.000,1.000,0.000,0.010
5.775,0.0233,1724.1610,4,True,0,Optimization terminated successfully,85,0.009,13.889,0.011,0.050,-0.001,0.028,3.000,1.000,0.000,0.010
5.790,0.0251,1724.3237,4,True,0,Optimization terminated successfully,85,0.008,13.889,0.011,0.058,-0.003,0.027,3.000,1.000,0.000,0.010
5.835,0.0238,1724.3106,4,True,0,Optimization terminated successfully,85,0.009,13.889,0.012,0.066,-0.004,0.037,3.000,1.000,0.000,0.011
5.865,0.0245,1718.7501,4,True,0,Optimization terminated successfully,87,0.030,13.889,0.012,0.076,-0.004,0.039,3.000,1.000,0.000,0.011
5.894,0.0253,1704.2113,4,True,0,Optimization terminated successfully,87,0.086,13.889,0.012,0.076,-0.004,0.040,3.000,1.000,0.000,0.012
5.928,0.0273,1682.2817,4,True,0,Optimization terminated successfully,87,0.171,13.889,0.013,0.076,-0.004,0.039,3.000,1.000,0.000,0.012
5.963,0.0240,1653.7132,4,True,0,Optimization terminated successfully,87,0.282,13.889,0.013,0.076,-0.004,0.039,3.000,1.000,0.000,0.012
5.995,0.0253,1619.4243,4,True,0,Optimization terminated successfully,87,0.417,13.889,0.013,0.084,-0.003,0.044,3.000,1.000,0.000,0.013
6.025,0.0239,1580.3967,4,True,0,Optimization terminated successfully,87,0.572,13.889,0.013,0.084,-0.003,0.044,3.000,1.000,0.000,0.013
6.058,0.0241,1527.7868,4,True,0,Optimization terminated successfully,87,0.784,13.889,0.014,0.084,-0.003,0.044,3.000,1.000,0.000,0.013
6.090,0.0238,1477.6319,4,True,0,Optimization terminated successfully,87,0.990,13.889,0.014,0.084,-0.003,0.044,3.000,1.000,0.000,0.013
6.121,0.0240,1427.6188,4,True,0,Optimization terminated successfully,87,1.199,13.889,0.014,0.084,-0.003,0.044,3.000,1.000,0.000,0.014
6.138,0.0250,1378.2242,4,True,0,Optimization terminated successfully,87,1.409,13.889,0.015,0.084,-0.003,0.044,3.000,1.000,0.000,0.014
6.181,0.0252,1326.2040,4,True,0,Optimization terminated successfully,87,1.635,13.889,0.015,0.084,-0.003,0.044,3.000,1.000,0.000,0.014
6.211,0.0240,1273.4440,4,True,0,Optimization terminated successfully,87,1.868,13.889,0.015,0.092,-0.007,0.047,3.000,1.000,0.000,0.014
6.242,0.0252,1221.3197,4,True,0,Optimization terminated successfully,87,2.103,13.889,0.016,0.098,-0.011,0.049,3.000,1.000,0.000,0.015
6.276,0.0251,1170.2777,4,True,0,Optimization terminated successfully,87,2.339,13.889,0.016,0.098,-0.011,0.049,3.000,1.000,0.000,0.015
6.306,0.0241,1121.7611,4,True,0,Optimization terminated successfully,87,2.567,13.889,0.016,0.109,-0.013,0.054,3.000,1.000,0.000,0.015
6.337,0.0240,1076.3185,4,True,0,Optimization terminated successfully,87,2.786,13.889,0.016,0.113,-0.012,0.058,3.000,1.000,0.000,0.016
6.368,0.0303,1033.6334,5,True,0,Optimization terminated successfully,107,2.996,13.889,0.017,0.113,-0.012,0.058,3.000,1.000,0.000,0.016
6.397,0.0246,993.0744,4,True,0,Optimization terminated successfully,87,3.199,13.889,0.017,0.116,-0.009,0.061,3.000,1.000,0.000,0.016
6.427,0.0685,0.1303,11,True,0,Optimization terminated successfully,241,3.394,3.394,0.017,0.118,-0.005,0.063,-0.001,0.000,0.000,0.017
6.458,0.0122,0.1361,2,True,0,Optimization terminated successfully,45,3.580,3.580,0.017,0.122,-0.000,0.062,0.000,0.000,0.000,0.017
6.487,0.0065,0.1359,1,True,0,Optimization terminated successfully,23,3.760,3.760,0.018,0.122,-0.000,0.068,-0.000,0.000,0.000,0.017
6.516,0.0131,0.1353,2,True,0,Optimization terminated successfully,45,3.931,3.931,0.018,0.122,-0.000,0.060,-0.000,0.000,0.000,0.017
6.544,0.0124,0.1407,2,True,0,Optimization terminated successfully,45,4.097,4.097,0.018,0.124,0.000,0.063,0.001,0.000,0.000,0.017
6.579,0.0132,0.1424,2,True,0,Optimization terminated successfully,45,4.260,4.260,0.018,0.125,0.000,0.063,0.000,0.000,0.000,0.017
6.610,0.0171,0.1569,2,True,0,Optimization terminated successfully,45,4.416,4.416,0.018,0.130,0.000,0.066,0.000,0.000,0.000,0.018
6.639,0.0170,0.1482,2,True,0,Optimization terminated successfully,45,4.549,4.549,0.018,0.127,0.000,0.066,-0.000,0.000,0.000,0.018
6.673,0.0166,0.1478,2,True,0,Optimization terminated successfully,45,4.649,4.649,0.019,0.127,0.000,0.065,0.000,0.000,0.000,0.018
6.705,0.0141,0.1474,2,True,0,Optimization terminated successfully,45,4.705,4.705,0.019,0.127,0.000,0.064,-0.000,0.000,0.000,0.018
6.734,0.0145,0.1468,2,True,0,Optimization terminated successfully,45,4.719,4.719,0.019,0.127,0.000,0.064,0.000,0.000,0.000,0.018
6.764,0.0128,0.1462,2,True,0,Optimization terminated successfully,45,4.691,4.691,0.019,0.127,0.000,0.064,-0.000,0.000,0.000,0.018
6.794,0.0124,0.1506,2,True,0,Optimization terminated successfully,45,4.625,4.625,0.019,0.129,0.000,0.065,0.000,0.000,0.000,0.018
6.823,0.0127,0.1487,2,True,0,Optimization terminated successfully,45,4.526,4.526,0.019,0.128,0.000,0.065,-0.000,0.000,0.000,0.019
6.852,0.0138,0.1437,2,True,0,Optimization terminated successfully,45,4.400,4.400,0.020,0.127,0.000,0.064,0.000,0.000,0.000,0.019
6.881,0.0145,0.1360,2,True,0,Optimization terminated successfully,45,4.254,4.254,0.020,0.124,0.000,0.063,-0.000,0.000,0.000,0.019
6.912,0.0128,0.1128,2,True,0,Optimization terminated successfully,45,4.094,4.094,0.020,0.115,0.000,0.058,0.000,0.000,0.000,0.019
6.943,0.0134,0.1091,2,True,0,Optimization terminated successfully,45,3.926,3.926,0.020,0.114,0.000,0.056,-0.000,0.000,0.000,0.019
6.972,0.0064,0.1077,1,True,0,Optimization terminated successfully,23,3.757,3.757,0.021,0.113,0.000,0.058,-0.001,0.000,0.000,0.019
6.986,0.0128,0.1070,2,True,0,Optimization terminated successfully,45,3.590,3.590,0.021,0.113,0.000,0.054,-0.000,0.000,0.000,0.019
7.030,0.0146,0.1084,2,True,0,Optimization terminated successfully,45,3.427,3.427,0.021,0.114,0.000,0.055,-0.000,0.000,0.000,0.019
7.059,0.0130,0.1139,2,True,0,Optimization terminated successfully,45,3.270,3.270,0.021,0.117,0.000,0.056,0.000,0.000,0.000,0.020
7.092,0.0125,0.1134,2,True,0,Optimization terminated successfully,45,3.118,3.118,0.021,0.117,0.000,0.057,-0.000,0.000,0.000,0.020
7.121,0.0132,0.1128,2,True,0,Optimization terminated successfully,45,2.871,2.871,0.022,0.117,0.000,0.056,0.000,0.000,0.000,0.020
7.150,0.0130,0.1138,2,True,0,Optimization terminated successfully,45,2.571,2.571,0.022,0.117,0.000,0.057,-0.000,0.000,0.000,0.020
7.179,0.0130,0.1131,2,True,0,Optimization terminated successfully,45,2.247,2.247,0.022,0.117,0.000,0.056,0.000,0.000,0.000,0.021
7.208,0.0160,0.1123,2,True,0,Optimization terminated successfully,45,1.922,1.922,0.023,0.117,0.000,0.056,-0.000,0.000,0.000,0.021
7.222,0.0127,0.1116,2,True,0,Optimization terminated successfully,45,1.612,1.612,0.023,0.117,0.000,0.056,0.000,0.000,0.000,0.021
7.268,0.0131,0.1108,2,True,0,Optimization terminated successfully,45,1.326,1.326,0.023,0.117,0.000,0.056,-0.000,0.000,0.000,0.021
7.297,0.0064,0.1102,1,True,0,Optimization terminated successfully,23,1.073,1.073,0.024,0.117,0.000,0.059,-0.001,0.000,0.000,0.022
7.326,0.0133,0.1093,2,True,0,Optimization terminated successfully,45,0.855,0.855,0.024,0.117,0.000,0.054,-0.000,0.000,0.000,0.022
7.357,0.0124,0.1085,2,True,0,Optimization terminated successfully,45,0.676,0.676,0.024,0.117,0.000,0.055,-0.000,0.000,0.000,0.022
7.386,0.0064,0.1079,1,True,0,Optimization terminated successfully,23,0.536,0.536,0.025,0.117,0.000,0.059,-0.001,0.000,0.000,0.022
7.414,0.0143,0.1069,2,True,0,Optimization terminated successfully,45,0.436,0.436,0.025,0.117,0.000,0.053,-0.000,0.000,0.000,0.023
7.443,0.0134,0.1062,2,True,0,Optimization terminated successfully,45,0.364,0.364,0.025,0.117,0.000,0.055,-0.000,0.000,0.000,0.023
7.472,0.0064,0.1057,1,True,0,Optimization terminated successfully,23,0.313,0.313,0.026,0.117,0.000,0.058,-0.001,0.000,0.000,0.023
7.500,0.0127,0.1047,2,True,0,Optimization terminated successfully,45,0.274,0.274,0.026,0.117,0.000,0.053,-0.000,0.000,0.000,0.023
7.529,0.0122,0.1039,2,True,0,Optimization terminated successfully,45,0.246,0.246,0.026,0.117,0.000,0.054,-0.000,0.000,0.000,0.024
7.558,0.0076,0.1034,1,True,0,Optimization terminated successfully,23,0.223,0.223,0.027,0.117,0.000,0.058,-0.001,0.000,0.000,0.024
7.587,0.0142,0.1025,2,True,0,Optimization terminated successfully,45,0.204,0.204,0.027,0.117,0.000,0.052,-0.000,0.000,0.000,0.024
7.616,0.0126,0.1017,2,True,0,Optimization terminated successfully,45,0.189,0.189,0.027,0.117,0.000,0.053,-0.000,0.000,0.000,0.024
7.646,0.0064,0.1013,1,True,0,Optimization terminated successfully,23,0.175,0.175,0.027,0.117,0.000,0.057,-0.001,0.000,0.000,0.025
7.674,0.0310,1684.5880,5,True,0,Optimization terminated successfully,108,0.162,13.889,0.028,0.119,0.000,0.058,3.000,1.000,0.000,0.025
7.688,0.0251,1687.6116,4,True,0,Optimization terminated successfully,87,0.150,13.889,0.028,0.122,0.000,0.060,3.000,1.000,0.000,0.025
7.717,0.0245,1690.4138,4,True,0,Optimization terminated successfully,87,0.139,13.889,0.028,0.122,0.000,0.060,3.000,1.000,0.000,0.026
7.761,0.0239,1693.0065,4,True,0,Optimization terminated successfully,87,0.129,13.889,0.029,0.122,0.000,0.061,3.000,1.000,0.000,0.026
7.791,0.0243,1695.4187,4,True,0,Optimization terminated successfully,87,0.120,13.889,0.029,0.122,0.000,0.060,3.000,1.000,0.000,0.026
7.821,0.0242,1695.0549,4,True,0,Optimization terminated successfully,87,0.121,13.889,0.029,0.122,0.000,0.060,3.000,1.000,0.000,0.027
7.850,0.0248,1695.0632,4,True,0,Optimization terminated successfully,87,0.121,13.889,0.030,0.122,0.000,0.060,3.000,1.000,0.000,0.027
7.880,0.0256,1695.5665,4,True,0,Optimization terminated successfully,87,0.119,13.889,0.030,0.122,0.000,0.060,3.000,1.000,0.000,0.027
7.908,0.0270,1697.0535,4,True,0,Optimization terminated successfully,87,0.114,13.889,0.030,0.122,0.000,0.059,3.000,1.000,0.000,0.027
7.937,0.0237,1700.3651,4,True,0,Optimization terminated successfully,87,0.101,13.889,0.031,0.122,0.000,0.059,3.000,1.000,0.000,0.028
7.967,0.0268,1698.6192,4,True,0,Optimization terminated successfully,87,0.108,13.889,0.031,0.122,0.000,0.059,3.000,1.000,0.000,0.028
7.995,0.0243,1690.6671,4,True,0,Optimization terminated successfully,87,0.138,13.889,0.031,0.122,0.000,0.059,3.000,1.000,0.000,0.028
8.024,0.0243,1677.2728,4,True,0,Optimization terminated successfully,87,0.190,13.889,0.032,0.122,0.000,0.059,3.000,1.000,0.000,0.028
8.055,0.0256,1657.4449,4,True,0,Optimization terminated successfully,87,0.267,13.889,0.032,0.122,0.000,0.059,3.000,1.000,0.000,0.029
8.083,0.0254,1632.1040,4,True,0,Optimization terminated successfully,87,0.367,13.889,0.032,0.122,0.000,0.058,3.000,1.000,0.000,0.029
8.113,0.0258,1601.0485,4,True,0,Optimization terminated successfully,87,0.490,13.889,0.033,0.122,0.000,0.058,3.000,1.000,0.000,0.029
8.142,0.0270,1564.3692,4,True,0,Optimization terminated successfully,87,0.636,13.889,0.033,0.114,0.026,0.063,3.000,1.000,0.000,0.029
8.172,0.0326,1522.9288,5,True,0,Optimization terminated successfully,107,0.804,13.889,0.033,0.106,0.063,0.072,3.000,1.000,0.000,0.030
8.201,0.0308,1478.6542,5,True,0,Optimization terminated successfully,109,0.986,13.889,0.033,0.084,0.148,0.092,3.000,1.000,0.000,0.031
8.230,0.0327,1432.3468,5,True,0,Optimization terminated successfully,109,1.179,13.889,0.033,0.073,0.192,0.104,3.000,1.000,0.000,0.031
8.259,0.0378,1385.1692,6,True,0,Optimization terminated successfully,129,1.380,13.889,0.033,0.054,0.277,0.126,3.000,1.000,0.000,0.032
8.288,0.0410,1337.4627,6,True,0,Optimization terminated successfully,131,1.586,13.889,0.034,0.016,0.350,0.132,3.000,1.000,0.000,0.033
8.317,0.0374,1289.3196,6,True,0,Optimization terminated successfully,131,1.799,13.889,0.034,-0.006,0.406,0.140,3.000,1.000,0.000,0.034
8.345,0.0425,1242.0622,6,True,0,Optimization terminated successfully,131,2.012,13.889,0.034,-0.068,0.440,0.115,3.000,1.000,0.000,0.033
8.375,0.0452,1195.6591,6,True,0,Optimization terminated successfully,131,2.225,13.889,0.035,-0.117,0.459,0.091,3.000,1.000,0.000,0.032
8.404,0.0425,1150.3548,6,True,0,Optimization terminated successfully,131,2.438,13.889,0.035,-0.185,0.459,0.048,3.000,1.000,0.000,0.031
8.433,0.0402,1106.0636,6,True,0,Optimization terminated successfully,131,2.651,13.889,0.036,-0.250,0.426,-0.007,3.000,1.000,0.000,0.029
8.462,0.0415,1063.2315,6,True,0,Optimization terminated successfully,131,2.861,13.889,0.036,-0.324,0.352,-0.085,3.000,1.000,0.000,0.026
8.492,0.0450,1021.4554,6,True,0,Optimization terminated successfully,131,3.070,13.889,0.036,-0.377,0.290,-0.145,3.000,1.000,0.000,0.024
8.521,0.0419,980.8512,6,True,0,Optimization terminated successfully,131,3.278,13.889,0.036,-0.433,0.229,-0.205,3.000,1.000,0.000,0.021
8.553,0.0430,940.6890,6,True,0,Optimization terminated successfully,131,3.486,13.889,0.036,-0.453,0.188,-0.234,3.000,1.000,0.000,0.020
8.583,0.0343,901.3091,5,True,0,Optimization terminated successfully,109,3.695,13.889,0.036,-0.469,0.150,-0.258,3.000,1.000,0.000,0.019
8.613,0.0430,862.9294,6,True,0,Optimization terminated successfully,132,3.902,13.889,0.035,-0.482,0.111,-0.282,2.977,0.992,0.000,0.017
8.642,0.0411,825.6710,6,True,0,Optimization terminated successfully,132,4.108,13.889,0.034,-0.494,0.082,-0.300,2.944,0.981,0.000,0.015
8.671,0.0441,789.4594,6,True,0,Optimization terminated successfully,132,4.312,13.889,0.033,-0.500,0.065,-0.310,2.911,0.970,0.000,0.014
8.701,0.0420,754.3558,6,True,0,Optimization terminated successfully,132,4.515,13.889,0.031,-0.508,0.053,-0.319,2.878,0.959,0.000,0.012
8.729,0.0450,720.1923,6,True,0,Optimization terminated successfully,132,4.718,13.889,0.029,-0.517,0.043,-0.328,2.845,0.948,0.000,0.011
8.758,0.0400,687.2511,6,True,0,Optimization terminated successfully,132,4.918,13.889,0.028,-0.522,0.038,-0.332,2.812,0.937,0.000,0.009
8.788,0.0402,655.0973,6,True,0,Optimization terminated successfully,132,5.118,13.889,0.026,-0.533,0.021,-0.345,2.780,0.927,0.000,0.007
8.818,0.0402,624.4462,6,True,0,Optimization terminated successfully,132,5.313,13.889,0.025,-0.541,0.011,-0.353,2.748,0.916,0.000,0.006
8.832,0.0405,596.2897,6,True,0,Optimization terminated successfully,132,5.496,13.889,0.023,-0.541,0.011,-0.352,2.718,0.906,0.000,0.005
8.875,0.0425,569.7102,6,True,0,Optimization terminated successfully,132,5.674,13.889,0.022,-0.543,0.007,-0.355,2.689,0.896,0.000,0.003
8.904,0.0412,544.0140,6,True,0,Optimization terminated successfully,132,5.849,13.889,0.021,-0.543,0.007,-0.354,2.661,0.887,0.000,0.002
8.934,0.0421,519.0212,6,True,0,Optimization terminated successfully,132,6.024,13.889,0.019,-0.543,0.007,-0.353,2.632,0.877,0.000,0.001
8.963,0.0494,494.4000,7,True,0,Optimization terminated successfully,152,6.200,13.889,0.018,-0.543,0.003,-0.362,2.604,0.868,0.000,-0.000
8.992,0.0599,469.8975,7,True,0,Optimization terminated successfully,152,6.381,13.889,0.017,-0.544,0.000,-0.357,2.579,0.860,0.000,-0.001
9.023,0.0591,445.1056,7,True,0,Optimization terminated successfully,152,6.568,13.889,0.016,-0.545,0.000,-0.357,2.550,0.850,0.000,-0.002
9.052,0.0584,420.1042,7,True,0,Optimization terminated successfully,152,6.763,13.889,0.014,-0.545,0.000,-0.356,2.521,0.840,0.000,-0.003
9.067,0.0506,395.2758,8,True,0,Optimization terminated successfully,174,6.962,13.889,0.013,-0.545,0.000,-0.355,2.482,0.827,0.000,-0.004
9.111,0.0520,371.0696,8,True,0,Optimization terminated successfully,174,7.162,13.889,0.012,-0.545,0.000,-0.354,2.449,0.816,0.000,-0.005
9.141,0.0494,347.6549,8,True,0,Optimization terminated successfully,174,7.363,13.889,0.010,-0.545,0.000,-0.353,2.416,0.805,0.000,-0.006
9.156,0.0553,325.0209,9,True,0,Optimization terminated successfully,195,7.564,13.889,0.009,-0.545,0.000,-0.353,2.377,0.792,0.000,-0.007
9.199,0.0549,303.6113,9,True,0,Optimization terminated successfully,194,7.761,13.889,0.008,-0.545,0.000,-0.352,2.352,0.784,0.000,-0.008
9.228,0.0587,283.4346,9,True,0,Optimization terminated successfully,195,7.953,13.889,0.007,-0.545,0.000,-0.352,2.313,0.771,0.000,-0.009
9.257,0.0692,264.3982,9,True,0,Optimization terminated successfully,195,8.142,13.889,0.006,-0.546,0.000,-0.352,2.282,0.761,0.000,-0.009
9.288,0.0639,246.4997,9,True,0,Optimization terminated successfully,195,8.326,13.889,0.005,-0.548,0.000,-0.352,2.252,0.751,0.000,-0.010
9.317,0.0531,229.5208,8,True,0,Optimization terminated successfully,175,8.507,13.889,0.004,-0.549,0.000,-0.352,2.230,0.743,0.000,-0.011
9.345,0.0697,213.6843,9,True,0,Optimization terminated successfully,196,8.683,13.889,0.003,-0.553,0.000,-0.354,2.195,0.732,0.000,-0.012
9.379,0.0607,198.5274,9,True,0,Optimization terminated successfully,196,8.859,13.889,0.003,-0.559,0.007,-0.354,2.166,0.722,0.000,-0.012
9.397,0.0561,183.8641,9,True,0,Optimization terminated successfully,196,9.035,13.889,0.002,-0.559,0.007,-0.353,2.137,0.712,0.000,-0.013
9.446,0.0539,170.1734,8,True,0,Optimization terminated successfully,175,9.207,13.889,0.001,-0.559,0.007,-0.354,2.116,0.705,0.000,-0.014
9.479,0.0543,156.6956,8,True,0,Optimization terminated successfully,175,9.383,13.889,0.000,-0.559,0.007,-0.353,2.087,0.696,0.000,-0.014
9.523,0.0518,144.2398,8,True,0,Optimization terminated successfully,175,9.554,13.889,-0.000,-0.559,0.007,-0.352,2.059,0.686,0.000,-0.015
9.554,0.0546,131.7086,9,True,0,Optimization terminated successfully,196,9.735,13.889,-0.001,-0.562,0.008,-0.355,2.007,0.669,0.000,-0.015
9.585,0.0636,120.2004,10,True,0,Optimization terminated successfully,216,9.913,13.889,-0.002,-0.570,0.036,-0.349,1.952,0.651,0.000,-0.016
9.616,0.0537,109.8346,9,True,0,Optimization terminated successfully,196,10.086,13.889,-0.002,-0.589,0.093,-0.338,1.900,0.633,0.000,-0.016
9.648,0.0617,100.1258,10,True,0,Optimization terminated successfully,216,10.255,13.889,-0.003,-0.599,0.133,-0.327,1.847,0.616,0.000,-0.016
9.676,0.0507,91.4109,8,True,0,Optimization terminated successfully,175,10.417,13.889,-0.004,-0.617,0.160,-0.325,1.798,0.599,0.000,-0.016
9.706,0.0632,83.4296,10,True,0,Optimization terminated successfully,216,10.573,13.889,-0.004,-0.634,0.155,-0.337,1.760,0.587,0.000,-0.017
9.720,0.0600,76.5369,10,True,0,Optimization terminated successfully,216,10.723,13.889,-0.005,-0.674,0.136,-0.375,1.697,0.566,0.000,-0.019
9.763,0.0619,70.0765,10,True,0,Optimization terminated successfully,216,10.867,13.889,-0.005,-0.698,0.109,-0.396,1.656,0.552,0.000,-0.021
9.791,0.0785,6.4647,13,True,0,Optimization terminated successfully,283,11.005,11.005,-0.006,-0.709,0.075,-0.412,-0.001,0.000,0.000,-0.022
9.821,0.0202,6.4402,3,True,0,Optimization terminated successfully,67,11.139,11.139,-0.006,-0.712,0.058,-0.422,0.000,0.000,0.000,-0.022
9.853,0.0264,6.3475,4,True,0,Optimization terminated successfully,89,11.269,11.269,-0.007,-0.711,0.041,-0.430,0.001,0.000,0.000,-0.023
9.883,0.0261,6.2405,4,True,0,Optimization terminated successfully,89,11.398,11.398,-0.007,-0.710,0.019,-0.438,-0.000,0.000,0.000,-0.024
9.912,0.0245,6.2527,4,True,0,Optimization terminated successfully,89,11.524,11.524,-0.008,-0.712,0.014,-0.441,0.001,0.000,0.000,-0.024
9.945,0.0188,6.2444,3,True,0,Optimization terminated successfully,67,11.649,11.649,-0.008,-0.712,0.014,-0.437,0.002,0.000,0.000,-0.025
9.974,0.0245,6.2456,4,True,0,Optimization terminated successfully,89,11.772,11.772,-0.009,-0.713,0.009,-0.443,0.001,0.000,0.000,-0.025
9.987,0.0271,6.2649,4,True,0,Optimization terminated successfully,89,11.892,11.892,-0.009,-0.716,0.005,-0.446,0.001,0.000,0.000,-0.026
10.030,0.0250,6.2582,4,True,0,Optimization terminated successfully,89,12.009,12.009,-0.009,-0.716,0.005,-0.446,-0.000,0.000,0.000,-0.026
10.059,0.0255,6.2504,4,True,0,Optimization terminated successfully,89,12.122,12.122,-0.010,-0.716,0.005,-0.445,-0.001,0.000,0.000,-0.026
10.092,0.0244,6.2440,4,True,0,Optimization terminated successfully,89,12.234,12.234,-0.010,-0.716,0.005,-0.445,-0.001,0.000,0.000,-0.027
10.125,0.0250,6.2365,4,True,0,Optimization terminated successfully,89,12.345,12.345,-0.011,-0.716,0.005,-0.445,-0.000,0.000,0.000,-0.027
10.155,0.0247,6.2809,4,True,0,Optimization terminated successfully,89,12.455,12.455,-0.011,-0.719,0.000,-0.449,0.001,0.000,0.000,-0.027
10.185,0.0269,6.2737,4,True,0,Optimization terminated successfully,89,12.563,12.563,-0.011,-0.719,0.000,-0.448,0.001,0.000,0.000,-0.028
10.199,0.0244,6.3229,4,True,0,Optimization terminated successfully,89,12.667,12.667,-0.012,-0.723,0.000,-0.450,0.001,0.000,0.000,-0.028
10.241,0.0810,14.7975,12,True,0,Optimization terminated successfully,264,12.767,13.889,-0.012,-0.724,0.000,-0.454,0.690,0.230,0.000,-0.029
10.270,0.0683,13.3927,11,True,0,Optimization terminated successfully,242,12.865,13.889,-0.012,-0.725,0.000,-0.449,0.628,0.209,0.000,-0.029
10.299,0.0791,12.1480,11,True,0,Optimization terminated successfully,242,12.959,13.889,-0.013,-0.725,0.000,-0.449,0.571,0.190,0.000,-0.029
10.341,0.0678,11.0552,11,True,0,Optimization terminated successfully,242,13.051,13.889,-0.013,-0.725,0.000,-0.449,0.515,0.172,0.000,-0.029
10.370,0.0522,10.0310,8,True,0,Optimization terminated successfully,177,13.147,13.889,-0.013,-0.725,0.000,-0.451,0.465,0.155,0.000,-0.029
10.383,0.0507,9.1589,8,True,0,Optimization terminated successfully,177,13.240,13.889,-0.014,-0.725,0.000,-0.451,0.405,0.135,0.000,-0.030
10.425,0.0513,8.4293,8,True,0,Optimization terminated successfully,177,13.329,13.889,-0.014,-0.725,0.000,-0.451,0.350,0.117,0.000,-0.030
10.456,0.0452,7.8249,7,True,0,Optimization terminated successfully,155,13.415,13.889,-0.014,-0.725,0.000,-0.450,0.294,0.098,0.000,-0.030
10.486,0.0458,7.3313,7,True,0,Optimization terminated successfully,155,13.499,13.889,-0.015,-0.725,0.000,-0.450,0.243,0.081,0.000,-0.030
10.500,0.0698,6.3782,11,True,0,Optimization terminated successfully,243,13.580,13.580,-0.015,-0.729,0.000,-0.451,-0.001,0.000,0.000,-0.031
10.545,0.0201,6.4656,3,True,0,Optimization terminated successfully,67,13.659,13.659,-0.015,-0.738,-0.021,-0.467,0.002,0.000,0.000,-0.032
10.560,0.0260,6.2147,4,True,0,Optimization terminated successfully,89,13.735,13.735,-0.015,-0.732,-0.062,-0.480,0.001,0.000,0.000,-0.032
10.590,0.0279,5.8982,4,True,0,Optimization terminated successfully,89,13.808,13.808,-0.016,-0.725,-0.119,-0.499,0.002,0.000,0.000,-0.033
10.633,0.0322,5.3625,5,True,0,Optimization terminated successfully,111,13.876,13.876,-0.016,-0.711,-0.223,-0.534,0.001,0.000,0.000,-0.035
10.660,0.0314,4.7580,5,True,0,Optimization terminated successfully,111,13.941,13.889,-0.016,-0.688,-0.331,-0.564,-0.026,0.000,0.000,-0.036
10.674,0.0639,3.7319,9,True,0,Optimization terminated successfully,199,14.002,13.889,-0.016,-0.625,-0.449,-0.569,-0.071,0.000,0.009,-0.036
10.702,0.0704,2.6525,10,True,0,Optimization terminated successfully,221,14.059,13.889,-0.016,-0.533,-0.556,-0.555,-0.105,0.000,0.013,-0.036
10.743,0.0683,1.7482,10,True,0,Optimization terminated successfully,221,14.113,13.889,-0.016,-0.412,-0.534,-0.469,-0.137,0.000,0.017,-0.033
10.772,0.0749,1.3202,10,True,0,Optimization terminated successfully,221,14.164,13.889,-0.016,-0.316,-0.378,-0.345,-0.167,0.000,0.021,-0.028
10.785,0.0752,1.2092,10,True,0,Optimization terminated successfully,221,14.211,13.889,-0.017,-0.253,-0.253,-0.254,-0.195,0.000,0.024,-0.024
10.828,0.0645,1.3506,10,True,0,Optimization terminated successfully,220,14.255,13.889,-0.017,-0.229,-0.135,-0.188,-0.227,0.000,0.028,-0.022
10.856,0.0633,1.4423,10,True,0,Optimization terminated successfully,220,14.296,13.889,-0.018,-0.200,-0.130,-0.169,-0.252,0.000,0.031,-0.022
10.885,0.0797,1.5075,10,True,0,Optimization terminated successfully,220,14.334,13.889,-0.019,-0.159,-0.195,-0.169,-0.275,0.000,0.034,-0.022
10.913,0.0836,1.6343,11,True,0,Optimization terminated successfully,242,14.369,13.889,-0.019,-0.072,-0.261,-0.138,-0.298,0.000,0.037,-0.021
10.942,0.0708,1.8691,11,True,0,Optimization terminated successfully,242,14.401,13.889,-0.020,0.000,-0.213,-0.072,-0.316,0.000,0.040,-0.019
10.970,0.0716,2.0711,11,True,0,Optimization terminated successfully,242,14.430,13.889,-0.020,0.023,-0.159,-0.036,-0.334,0.000,0.042,-0.018
10.984,0.0672,2.2525,11,True,0,Optimization terminated successfully,240,14.453,13.889,-0.021,0.036,-0.146,-0.023,-0.347,0.000,0.043,-0.018
11.025,0.0698,2.5893,11,True,0,Optimization terminated successfully,240,14.463,13.889,-0.022,0.099,-0.203,-0.006,-0.353,0.000,0.044,-0.018
11.039,0.0748,3.0912,11,True,0,Optimization terminated successfully,242,14.458,13.889,-0.022,0.159,-0.338,-0.023,-0.351,0.000,0.044,-0.019
11.067,0.0676,4.3751,11,True,0,Optimization terminated successfully,241,14.436,13.889,-0.023,0.282,-0.503,-0.011,-0.339,0.000,0.042,-0.019
11.097,0.0565,7.6357,9,True,0,Optimization terminated successfully,199,14.395,13.889,-0.024,0.522,-0.588,0.104,-0.306,0.000,0.038,-0.015
11.141,0.0522,7.8554,8,True,0,Optimization terminated successfully,177,14.335,13.889,-0.024,0.532,-0.672,0.079,-0.280,0.000,0.035,-0.017
11.155,0.0523,6.0824,8,True,0,Optimization terminated successfully,177,14.259,13.889,-0.025,0.470,-0.600,0.069,-0.233,0.000,0.029,-0.017
11.183,0.0504,7.2313,8,True,0,Optimization terminated successfully,177,14.167,13.889,-0.025,0.584,-0.527,0.171,-0.178,0.000,0.022,-0.014
11.213,0.0505,8.5338,8,True,0,Optimization terminated successfully,177,14.060,13.889,-0.026,0.679,-0.487,0.247,-0.111,0.000,0.014,-0.011
11.257,0.0701,10.7597,10,True,0,Optimization terminated successfully,220,13.942,13.889,-0.026,0.795,-0.472,0.333,-0.038,0.000,0.000,-0.008
11.270,0.0671,10.3512,9,True,0,Optimization terminated successfully,199,13.816,13.889,-0.026,0.789,-0.415,0.348,0.055,0.018,0.000,-0.007
11.313,0.0570,10.4915,9,True,0,Optimization terminated successfully,199,13.683,13.889,-0.027,0.796,-0.367,0.372,0.128,0.043,0.000,-0.007
11.341,0.0625,10.8085,10,True,0,Optimization terminated successfully,221,13.547,13.889,-0.027,0.812,-0.263,0.426,0.214,0.071,0.000,-0.005
11.355,0.0623,11.5265,10,True,0,Optimization terminated successfully,221,13.407,13.889,-0.028,0.835,-0.146,0.489,0.297,0.099,0.000,-0.003
11.400,0.0633,12.2762,10,True,0,Optimization terminated successfully,220,13.264,13.889,-0.028,0.842,-0.038,0.542,0.389,0.130,0.000,-0.001
11.416,0.0682,13.3552,11,True,0,Optimization terminated successfully,242,13.118,13.889,-0.028,0.836,-0.001,0.547,0.478,0.159,0.000,-0.001
11.461,0.0727,14.9427,11,True,0,Optimization terminated successfully,242,12.974,13.889,-0.029,0.831,-0.016,0.537,0.567,0.189,0.000,-0.001
11.477,0.0718,17.0836,11,True,0,Optimization terminated successfully,242,12.832,13.889,-0.029,0.841,-0.025,0.540,0.654,0.218,0.000,-0.001
11.524,0.0673,19.1664,11,True,0,Optimization terminated successfully,242,12.695,13.889,-0.029,0.844,-0.010,0.549,0.737,0.246,0.000,-0.001
11.554,0.0696,21.4052,11,True,0,Optimization terminated successfully,242,12.563,13.889,-0.029,0.845,-0.007,0.551,0.817,0.272,0.000,-0.001
11.585,0.0689,23.7560,11,True,0,Optimization terminated successfully,242,12.437,13.889,-0.029,0.845,-0.007,0.551,0.894,0.298,0.000,-0.001
11.614,0.0880,26.1896,11,True,0,Optimization terminated successfully,242,12.317,13.889,-0.029,0.845,-0.007,0.551,0.966,0.322,0.000,-0.002
11.643,0.0810,28.6180,11,True,0,Optimization terminated successfully,242,12.204,13.889,-0.030,0.844,-0.002,0.552,1.035,0.345,0.000,-0.002
11.657,0.0844,31.1285,11,True,0,Optimization terminated successfully,242,12.097,13.889,-0.030,0.844,-0.002,0.551,1.100,0.367,0.000,-0.002
11.701,0.0827,33.6604,11,True,0,Optimization terminated successfully,242,11.995,13.889,-0.030,0.844,-0.002,0.551,1.162,0.387,0.000,-0.002
11.715,0.0805,36.2260,11,True,0,Optimization terminated successfully,242,11.896,13.889,-0.030,0.844,0.000,0.552,1.225,0.408,0.000,-0.002
11.741,0.0959,38.8300,13,True,0,Optimization terminated successfully,283,11.802,13.889,-0.030,0.844,0.000,0.553,1.275,0.425,0.000,-0.002
11.797,0.0859,41.5213,11,True,0,Optimization terminated successfully,241,11.709,13.889,-0.031,0.843,0.000,0.540,1.328,0.443,0.000,-0.003
11.825,0.0878,44.5855,12,True,0,Optimization terminated successfully,262,11.609,13.889,-0.031,0.843,0.000,0.554,1.371,0.457,0.000,-0.002
11.856,0.0874,9.3504,13,True,0,Optimization terminated successfully,285,11.509,11.509,-0.031,0.833,0.000,0.550,-0.001,0.000,0.000,-0.003
11.884,0.0842,51.1591,11,True,0,Optimization terminated successfully,240,11.410,13.889,-0.031,0.837,0.000,0.552,1.455,0.485,0.000,-0.003
11.912,0.0864,54.8521,11,True,0,Optimization terminated successfully,239,11.310,13.889,-0.031,0.841,0.000,0.556,1.504,0.501,0.000,-0.003
11.940,0.0770,58.6609,10,True,0,Optimization terminated successfully,219,11.210,13.889,-0.032,0.841,0.000,0.554,1.540,0.513,0.000,-0.003
11.953,0.0711,62.6896,10,True,0,Optimization terminated successfully,219,11.110,13.889,-0.032,0.840,0.000,0.554,1.580,0.527,0.000,-0.004
11.995,0.0636,66.9507,10,True,0,Optimization terminated successfully,219,11.007,13.889,-0.033,0.838,0.000,0.555,1.624,0.541,0.000,-0.004
12.023,0.0631,71.5320,10,True,0,Optimization terminated successfully,218,10.904,13.889,-0.033,0.839,0.000,0.556,1.655,0.552,0.000,-0.005
12.051,0.0731,76.4674,11,True,0,Optimization terminated successfully,238,10.798,13.889,-0.034,0.841,0.000,0.557,1.679,0.560,0.000,-0.005
12.095,0.0801,81.6341,12,True,0,Optimization terminated successfully,260,10.690,13.889,-0.035,0.841,0.000,0.556,1.715,0.572,0.000,-0.006
12.124,0.0643,87.6957,10,True,0,Optimization terminated successfully,217,10.570,13.889,-0.036,0.841,0.000,0.558,1.748,0.583,0.000,-0.007
12.151,0.0513,94.0702,8,True,0,Optimization terminated successfully,175,10.449,13.889,-0.037,0.841,0.000,0.558,1.788,0.596,0.000,-0.007
12.183,0.0563,100.7866,9,True,0,Optimization terminated successfully,196,10.327,13.889,-0.037,0.841,0.000,0.561,1.826,0.609,0.000,-0.007
12.214,0.0580,107.9676,9,True,0,Optimization terminated successfully,196,10.202,13.889,-0.037,0.841,0.000,0.563,1.867,0.622,0.000,-0.007
12.242,0.0504,115.3543,8,True,0,Optimization terminated successfully,175,10.078,13.889,-0.038,0.841,0.000,0.556,1.899,0.633,0.000,-0.008
12.273,0.0509,122.9790,8,True,0,Optimization terminated successfully,175,9.956,13.889,-0.037,0.841,0.000,0.556,1.936,0.645,0.000,-0.008
12.303,0.0513,131.0034,8,True,0,Optimization terminated successfully,175,9.831,13.889,-0.037,0.841,0.000,0.556,1.974,0.658,0.000,-0.007
12.319,0.0638,139.2522,10,True,0,Optimization terminated successfully,218,9.707,13.889,-0.035,0.841,0.000,0.557,2.013,0.671,0.000,-0.006
12.364,0.0594,147.8616,9,True,0,Optimization terminated successfully,195,9.583,13.889,-0.034,0.841,0.000,0.555,2.050,0.683,0.000,-0.005
12.396,0.0571,156.6111,9,True,0,Optimization terminated successfully,195,9.461,13.889,-0.033,0.841,0.000,0.556,2.076,0.692,0.000,-0.004
12.423,0.0557,165.4466,9,True,0,Optimization terminated successfully,195,9.341,13.889,-0.031,0.841,0.000,0.555,2.095,0.698,0.000,-0.003
12.451,0.0560,174.3615,9,True,0,Optimization terminated successfully,195,9.224,13.889,-0.030,0.841,0.000,0.554,2.114,0.705,0.000,-0.002
12.464,0.0557,183.2646,9,True,0,Optimization terminated successfully,195,9.111,13.889,-0.028,0.841,0.000,0.553,2.132,0.711,0.000,-0.000
12.506,0.0559,192.1800,9,True,0,Optimization terminated successfully,195,9.000,13.889,-0.027,0.841,0.000,0.553,2.150,0.717,0.000,0.001
12.535,0.0584,201.1495,9,True,0,Optimization terminated successfully,195,8.892,13.889,-0.026,0.841,0.000,0.552,2.168,0.723,0.000,0.001
12.568,0.0551,218.7448,9,True,0,Optimization terminated successfully,195,8.688,13.889,-0.025,0.841,0.000,0.551,2.201,0.734,0.000,0.002
12.600,0.0549,248.8090,9,True,0,Optimization terminated successfully,195,8.360,13.889,-0.024,0.841,0.000,0.551,2.255,0.752,0.000,0.003
12.632,0.0636,291.8556,10,True,0,Optimization terminated successfully,217,7.925,13.889,-0.024,0.841,0.000,0.550,2.323,0.774,0.000,0.003
12.648,0.0666,349.0535,10,True,0,Optimization terminated successfully,217,7.399,13.889,-0.024,0.841,0.000,0.550,2.408,0.803,0.000,0.003
12.693,0.0631,420.7010,8,True,0,Optimization terminated successfully,174,6.801,13.889,-0.024,0.841,0.000,0.549,2.509,0.836,0.000,0.003
12.721,0.0529,507.5629,8,True,0,Optimization terminated successfully,174,6.144,13.889,-0.024,0.841,0.000,0.549,2.613,0.871,0.000,0.003
12.734,0.0365,609.5151,6,True,0,Optimization terminated successfully,132,5.445,13.889,-0.024,0.841,0.000,0.548,2.726,0.909,0.000,0.003
12.776,0.0361,720.1831,6,True,0,Optimization terminated successfully,132,4.751,13.889,-0.024,0.841,0.000,0.547,2.839,0.946,0.000,0.003
12.806,0.0378,842.7632,6,True,0,Optimization terminated successfully,132,4.044,13.889,-0.023,0.841,0.000,0.547,2.953,0.984,0.000,0.003
12.848,0.0372,978.1064,6,True,0,Optimization terminated successfully,131,3.323,13.889,-0.023,0.841,0.000,0.548,3.000,1.000,0.000,0.003
12.877,0.0374,1134.9180,6,True,0,Optimization terminated successfully,131,2.549,13.889,-0.023,0.841,0.000,0.548,3.000,1.000,0.000,0.004
12.906,0.0388,1279.0653,6,True,0,Optimization terminated successfully,129,1.884,13.889,-0.023,0.841,0.000,0.550,3.000,1.000,0.000,0.004
12.948,0.0389,1401.8152,6,True,0,Optimization terminated successfully,129,1.348,13.889,-0.023,0.841,0.000,0.551,3.000,1.000,0.000,0.004
12.977,0.0384,1502.4346,6,True,0,Optimization terminated successfully,129,0.926,13.889,-0.022,0.841,0.000,0.551,3.000,1.000,0.000,0.004
13.018,0.0377,1581.7764,6,True,0,Optimization terminated successfully,129,0.604,13.889,-0.022,0.841,0.000,0.551,3.000,1.000,0.000,0.004
13.059,0.0378,1641.5000,6,True,0,Optimization terminated successfully,129,0.366,13.889,-0.022,0.841,0.000,0.551,3.000,1.000,0.000,0.004
13.088,0.0362,1683.9943,6,True,0,Optimization terminated successfully,129,0.200,13.889,-0.022,0.841,0.000,0.551,3.000,1.000,0.000,0.004
13.115,0.0374,1712.0137,6,True,0,Optimization terminated successfully,129,0.092,13.889,-0.023,0.841,0.000,0.551,3.000,1.000,0.000,0.004
13.144,0.0382,1727.7697,6,True,0,Optimization terminated successfully,129,0.031,13.889,-0.023,0.841,0.000,0.551,3.000,1.000,0.000,0.004
13.172,0.0357,1734.3184,6,True,0,Optimization terminated successfully,129,0.006,13.889,-0.023,0.841,0.000,0.551,3.000,1.000,0.000,0.004
13.200,0.0372,1735.1515,6,True,0,Optimization terminated successfully,129,0.003,13.889,-0.022,0.841,0.000,0.551,3.000,1.000,0.000,0.004
13.226,0.0381,1735.1807,6,True,0,Optimization terminated successfully,129,0.002,13.889,-0.022,0.841,0.000,0.550,3.000,1.000,0.000,0.005
13.268,0.0375,1735.2114,6,True,0,Optimization terminated successfully,129,0.002,13.889,-0.021,0.840,0.000,0.550,3.000,1.000,0.000,0.005
13.281,0.0365,1735.2689,6,True,0,Optimization terminated successfully,129,0.002,13.889,-0.021,0.840,0.000,0.550,3.000,1.000,0.000,0.005
13.323,0.0369,1735.3334,6,True,0,Optimization terminated successfully,129,0.002,13.889,-0.021,0.840,0.000,0.550,3.000,1.000,0.000,0.005
13.351,0.0374,1735.3722,6,True,0,Optimization terminated successfully,129,0.002,13.889,-0.020,0.840,0.000,0.549,3.000,1.000,0.000,0.006
13.380,0.0356,1735.4126,6,True,0,Optimization terminated successfully,129,0.001,13.889,-0.019,0.840,0.000,0.548,3.000,1.000,0.000,0.006
13.407,0.0394,1735.4303,6,True,0,Optimization terminated successfully,129,0.001,13.889,-0.018,0.840,0.000,0.548,3.000,1.000,0.000,0.008
13.435,0.0375,1735.4717,6,True,0,Optimization terminated successfully,129,0.001,13.889,-0.017,0.840,0.000,0.547,3.000,1.000,0.000,0.008
13.449,0.0368,1735.4488,6,True,0,Optimization terminated successfully,129,0.001,13.889,-0.015,0.839,0.000,0.545,3.000,1.000,0.000,0.010
13.479,0.0360,1735.4609,6,True,0,Optimization terminated successfully,129,0.001,13.889,-0.014,0.839,0.000,0.544,3.000,1.000,0.000,0.011
13.521,0.0372,1735.4382,6,True,0,Optimization terminated successfully,129,0.001,13.889,-0.013,0.839,0.000,0.543,3.000,1.000,0.000,0.012
13.550,0.0418,1735.1807,6,True,0,Optimization terminated successfully,129,0.002,13.889,-0.012,0.840,0.000,0.543,3.000,1.000,0.000,0.013
13.577,0.0397,1734.8437,6,True,0,Optimization terminated successfully,129,0.003,13.889,-0.011,0.840,0.000,0.542,3.000,1.000,0.000,0.014
13.606,0.0388,1734.4999,6,True,0,Optimization terminated successfully,129,0.004,13.889,-0.010,0.840,0.000,0.542,3.000,1.000,0.000,0.014
13.635,0.0402,1734.1693,6,True,0,Optimization terminated successfully,129,0.005,13.889,-0.009,0.840,0.000,0.542,3.000,1.000,0.000,0.015
13.662,0.0379,1733.8510,6,True,0,Optimization terminated successfully,129,0.006,13.889,-0.008,0.839,0.000,0.541,3.000,1.000,0.000,0.015
13.690,0.0381,1733.6019,6,True,0,Optimization terminated successfully,129,0.007,13.889,-0.008,0.840,0.000,0.541,3.000,1.000,0.000,0.016
13.718,0.0764,8.8674,12,True,0,Optimization terminated successfully,264,0.008,0.008,-0.007,0.835,0.000,0.535,0.000,0.000,0.000,0.016
13.745,0.0254,8.8564,4,True,0,Optimization terminated successfully,89,0.009,0.009,-0.006,0.835,0.000,0.533,-0.001,0.000,0.000,0.017
13.773,0.0255,8.8872,4,True,0,Optimization terminated successfully,89,0.009,0.009,-0.005,0.838,0.000,0.534,0.000,0.000,0.000,0.018
13.801,0.0270,8.8668,4,True,0,Optimization terminated successfully,89,0.009,0.009,-0.004,0.838,0.000,0.533,0.001,0.000,0.000,0.019
13.842,0.0257,8.8494,4,True,0,Optimization terminated successfully,89,0.009,0.009,-0.003,0.838,0.000,0.532,0.002,0.000,0.000,0.019
13.855,0.0260,8.8354,4,True,0,Optimization terminated successfully,89,0.008,0.008,-0.002,0.838,0.000,0.532,0.001,0.000,0.000,0.020
13.911,0.0254,8.8243,4,True,0,Optimization terminated successfully,89,0.008,0.008,-0.002,0.838,0.000,0.532,0.000,0.000,0.000,0.020
13.939,0.0248,8.8413,4,True,0,Optimization terminated successfully,89,0.007,0.007,-0.002,0.839,0.000,0.532,-0.001,0.000,0.000,0.020
13.966,0.0249,8.8384,4,True,0,Optimization terminated successfully,89,0.006,0.006,-0.002,0.839,0.000,0.532,-0.001,0.000,0.000,0.021
13.993,0.0266,8.8373,4,True,0,Optimization terminated successfully,89,0.006,0.006,-0.001,0.839,0.000,0.532,-0.000,0.000,0.000,0.021
14.021,0.0272,8.6756,4,True,0,Optimization terminated successfully,89,0.005,0.005,-0.001,0.831,0.000,0.527,0.001,0.000,0.000,0.020
14.034,0.0251,8.4916,4,True,0,Optimization terminated successfully,89,0.005,0.005,-0.001,0.822,0.000,0.521,0.002,0.000,0.000,0.020
14.090,0.0260,8.2494,4,True,0,Optimization terminated successfully,89,0.005,0.005,-0.002,0.810,0.000,0.514,0.001,0.000,0.000,0.020
14.118,0.0260,8.2962,4,True,0,Optimization terminated successfully,89,0.004,0.004,-0.002,0.816,0.016,0.525,-0.001,0.000,0.000,0.020
14.131,0.0257,8.7356,4,True,0,Optimization terminated successfully,89,0.003,0.003,-0.002,0.842,0.041,0.552,-0.002,0.000,0.000,0.021
14.173,0.0272,9.0850,4,True,0,Optimization terminated successfully,89,0.003,0.003,-0.002,0.860,0.052,0.568,-0.002,0.000,0.000,0.022
14.204,0.0250,9.1982,4,True,0,Optimization terminated successfully,89,0.003,0.003,-0.002,0.868,0.063,0.577,0.000,0.000,0.000,0.022
14.220,0.0254,9.0944,4,True,0,Optimization terminated successfully,89,0.004,0.004,-0.002,0.873,0.117,0.603,0.001,0.000,0.000,0.023
14.266,0.0325,8.9706,5,True,0,Optimization terminated successfully,111,0.004,0.004,-0.002,0.872,0.145,0.615,0.000,0.000,0.000,0.024
14.279,0.0346,8.4018,5,True,0,Optimization terminated successfully,111,0.006,0.006,-0.002,0.863,0.248,0.652,-0.000,0.000,0.000,0.025
14.308,0.0329,8.1712,5,True,0,Optimization terminated successfully,111,0.007,0.007,-0.002,0.861,0.308,0.675,0.000,0.000,0.000,0.026
14.338,0.0315,7.6692,5,True,0,Optimization terminated successfully,111,0.009,0.009,-0.002,0.850,0.404,0.707,-0.001,0.000,0.000,0.027
14.367,0.0331,7.2713,5,True,0,Optimization terminated successfully,111,0.011,0.011,-0.002,0.841,0.489,0.736,0.001,0.000,0.000,0.029
14.397,0.0314,7.0401,5,True,0,Optimization terminated successfully,111,0.014,0.014,-0.002,0.833,0.518,0.742,-0.001,0.000,0.000,0.029
14.426,0.0330,6.3798,5,True,0,Optimization terminated successfully,111,0.017,0.017,-0.002,0.803,0.585,0.751,-0.001,0.000,0.000,0.029
14.456,0.0317,4.8960,5,True,0,Optimization terminated successfully,111,0.020,0.020,-0.002,0.719,0.676,0.734,0.001,0.000,0.000,0.028
14.502,0.0324,4.3214,5,True,0,Optimization terminated successfully,111,0.023,0.023,-0.002,0.682,0.714,0.726,-0.001,0.000,0.000,0.028
14.515,0.0310,3.5140,5,True,0,Optimization terminated successfully,111,0.027,0.027,-0.002,0.620,0.738,0.696,0.000,0.000,0.000,0.027
14.544,0.0312,2.7967,5,True,0,Optimization terminated successfully,111,0.035,0.035,-0.002,0.554,0.718,0.646,0.001,0.000,0.000,0.025
14.574,0.0313,2.3472,5,True,0,Optimization terminated successfully,111,0.041,0.041,-0.002,0.508,0.700,0.609,-0.001,0.000,0.000,0.023
14.615,0.0323,1.8545,5,True,0,Optimization terminated successfully,111,0.064,0.064,-0.002,0.451,0.681,0.566,0.001,0.000,0.000,0.021
14.631,0.0324,1.5146,5,True,0,Optimization terminated successfully,111,0.108,0.108,-0.002,0.406,0.661,0.529,-0.001,0.000,0.000,0.020
14.660,0.0335,0.9003,5,True,0,Optimization terminated successfully,111,0.168,0.168,-0.002,0.310,0.559,0.426,-0.001,0.000,0.000,0.015
14.690,0.0320,0.6433,5,True,0,Optimization terminated successfully,111,0.244,0.244,-0.003,0.263,0.445,0.350,0.001,0.000,0.000,0.012
14.719,0.0437,1642.5166,7,True,0,Optimization terminated successfully,152,0.327,13.889,-0.003,0.214,0.304,0.261,3.000,1.000,0.000,0.009
14.748,0.0391,1623.8854,6,True,0,Optimization terminated successfully,131,0.400,13.889,-0.003,0.172,0.221,0.202,3.000,1.000,0.000,0.006
14.777,0.0370,1608.4138,6,True,0,Optimization terminated successfully,129,0.461,13.889,-0.003,0.139,0.164,0.160,3.000,1.000,0.000,0.004
14.807,0.0447,1595.9849,6,True,0,Optimization terminated successfully,129,0.510,13.889,-0.003,0.105,0.117,0.119,3.000,1.000,0.000,0.002
14.852,0.0434,1584.3360,5,True,0,Optimization terminated successfully,109,0.557,13.889,-0.003,0.114,0.085,0.110,3.000,1.000,0.000,0.002
14.866,0.0356,1568.8337,5,True,0,Optimization terminated successfully,109,0.619,13.889,-0.003,0.110,0.041,0.090,3.000,1.000,0.000,0.001
14.910,0.0370,1555.7160,5,True,0,Optimization terminated successfully,107,0.671,13.889,-0.003,0.102,0.032,0.083,3.000,1.000,0.000,0.001
14.938,0.0309,1544.9767,5,True,0,Optimization terminated successfully,107,0.715,13.889,-0.003,0.096,0.024,0.076,3.000,1.000,0.000,0.001
14.952,0.0329,1535.8644,5,True,0,Optimization terminated successfully,107,0.752,13.889,-0.003,0.087,0.004,0.063,3.000,1.000,0.000,-0.000
14.998,0.0332,1524.3229,5,True,0,Optimization terminated successfully,107,0.799,13.889,-0.003,0.088,0.000,0.060,3.000,1.000,0.000,-0.000
15.031,0.0317,1508.1165,5,True,0,Optimization terminated successfully,107,0.865,13.889,-0.003,0.086,0.000,0.058,3.000,1.000,0.000,-0.000
15.046,0.0245,1490.2571,4,True,0,Optimization terminated successfully,87,0.938,13.889,-0.003,0.087,0.000,0.059,3.000,1.000,0.000,-0.000
15.079,0.0244,1477.9535,4,True,0,Optimization terminated successfully,87,0.989,13.889,-0.003,0.087,0.000,0.059,3.000,1.000,0.000,-0.000
15.108,0.0243,1470.7188,4,True,0,Optimization terminated successfully,87,1.019,13.889,-0.003,0.087,0.000,0.059,3.000,1.000,0.000,-0.000
15.139,0.0259,1467.5669,4,True,0,Optimization terminated successfully,87,1.032,13.889,-0.003,0.087,0.000,0.059,3.000,1.000,0.000,-0.000
15.168,0.0265,1467.4133,4,True,0,Optimization terminated successfully,87,1.033,13.889,-0.003,0.087,0.000,0.059,3.000,1.000,0.000,-0.000
15.198,0.0265,1468.9441,4,True,0,Optimization terminated successfully,87,1.027,13.889,-0.003,0.092,0.000,0.062,3.000,1.000,0.000,-0.000
15.227,0.0248,1471.4534,4,True,0,Optimization terminated successfully,87,1.016,13.889,-0.004,0.096,0.000,0.065,3.000,1.000,0.000,-0.000
15.258,0.0314,1474.3325,5,True,0,Optimization terminated successfully,107,1.004,13.889,-0.004,0.096,0.000,0.065,3.000,1.000,0.000,-0.000
15.300,0.0317,1475.9982,5,True,0,Optimization terminated successfully,107,0.997,13.889,-0.004,0.096,0.000,0.065,3.000,1.000,0.000,-0.000
15.327,0.0262,1475.8810,4,True,0,Optimization terminated successfully,87,0.998,13.889,-0.004,0.108,-0.002,0.071,3.000,1.000,0.000,-0.000
15.356,0.0304,1472.9193,5,True,0,Optimization terminated successfully,107,1.010,13.889,-0.004,0.120,-0.017,0.073,3.000,1.000,0.000,-0.000
15.383,0.0307,1467.2403,5,True,0,Optimization terminated successfully,107,1.034,13.889,-0.004,0.127,-0.031,0.072,3.000,1.000,0.000,-0.000
15.410,0.0303,1458.5902,5,True,0,Optimization terminated successfully,107,1.071,13.889,-0.004,0.143,-0.067,0.068,3.000,1.000,0.000,-0.001
15.439,0.0320,1447.5728,5,True,0,Optimization terminated successfully,107,1.117,13.889,-0.005,0.154,-0.091,0.065,3.000,1.000,0.000,-0.001
15.468,0.0328,1435.3500,5,True,0,Optimization terminated successfully,109,1.169,13.889,-0.005,0.181,-0.147,0.058,3.000,1.000,0.000,-0.002
15.497,0.0321,1422.0312,5,True,0,Optimization terminated successfully,109,1.226,13.889,-0.005,0.193,-0.174,0.055,3.000,1.000,0.000,-0.002
15.525,0.0324,1407.3816,5,True,0,Optimization terminated successfully,109,1.288,13.889,-0.005,0.210,-0.226,0.045,3.000,1.000,0.000,-0.003
15.553,0.0374,1392.0676,6,True,0,Optimization terminated successfully,129,1.355,13.889,-0.006,0.240,-0.280,0.042,3.000,1.000,0.000,-0.003
15.566,0.0369,1375.8271,6,True,0,Optimization terminated successfully,129,1.426,13.889,-0.006,0.257,-0.343,0.027,3.000,1.000,0.000,-0.004
15.608,0.0382,1359.2203,6,True,0,Optimization terminated successfully,131,1.499,13.889,-0.006,0.300,-0.384,0.038,3.000,1.000,0.000,-0.004
15.621,0.0384,1342.7224,6,True,0,Optimization terminated successfully,131,1.574,13.889,-0.007,0.369,-0.399,0.076,3.000,1.000,0.000,-0.002
15.663,0.0375,1326.1383,6,True,0,Optimization terminated successfully,131,1.649,13.889,-0.007,0.423,-0.381,0.117,3.000,1.000,0.000,-0.001
15.691,0.0386,1308.9195,6,True,0,Optimization terminated successfully,131,1.726,13.889,-0.007,0.444,-0.363,0.138,3.000,1.000,0.000,-0.000
15.719,0.0394,1291.8198,6,True,0,Optimization terminated successfully,131,1.803,13.889,-0.007,0.467,-0.348,0.159,3.000,1.000,0.000,0.000
15.747,0.0389,1274.8765,6,True,0,Optimization terminated successfully,131,1.880,13.889,-0.008,0.498,-0.336,0.184,3.000,1.000,0.000,0.001
15.776,0.0371,1258.4251,6,True,0,Optimization terminated successfully,131,1.956,13.889,-0.008,0.533,-0.333,0.208,3.000,1.000,0.000,0.002
15.791,0.0409,1243.4686,6,True,0,Optimization terminated successfully,131,2.028,13.889,-0.008,0.594,-0.344,0.242,3.000,1.000,0.000,0.003
15.820,0.0387,1228.3309,6,True,0,Optimization terminated successfully,131,2.100,13.889,-0.008,0.629,-0.349,0.262,3.000,1.000,0.000,0.004
15.863,0.0370,1212.0529,6,True,0,Optimization terminated successfully,131,2.177,13.889,-0.009,0.664,-0.335,0.290,3.000,1.000,0.000,0.005
15.890,0.0377,1195.4908,6,True,0,Optimization terminated successfully,131,2.254,13.889,-0.009,0.684,-0.293,0.320,3.000,1.000,0.000,0.006
15.919,0.0374,1178.6867,6,True,0,Optimization terminated successfully,131,2.333,13.889,-0.009,0.712,-0.213,0.371,3.000,1.000,0.000,0.008
15.947,0.0393,1162.3435,6,True,0,Optimization terminated successfully,129,2.410,13.889,-0.009,0.718,-0.186,0.385,3.000,1.000,0.000,0.009
15.976,0.0393,1145.6998,6,True,0,Optimization terminated successfully,131,2.486,13.889,-0.009,0.725,-0.030,0.452,3.000,1.000,0.000,0.011
16.006,0.0375,1129.5882,6,True,0,Optimization terminated successfully,129,2.561,13.889,-0.009,0.726,0.010,0.470,3.000,1.000,0.000,0.012
16.035,0.0361,1113.9074,6,True,0,Optimization terminated successfully,129,2.636,13.889,-0.008,0.727,0.034,0.481,3.000,1.000,0.000,0.013
16.078,0.0398,1096.7392,6,True,0,Optimization terminated successfully,131,2.718,13.889,-0.008,0.725,0.075,0.495,3.000,1.000,0.000,0.014
16.105,0.0388,1079.9676,6,True,0,Optimization terminated successfully,131,2.798,13.889,-0.008,0.716,0.081,0.492,3.000,1.000,0.000,0.014
16.134,0.0429,1063.7070,6,True,0,Optimization terminated successfully,129,2.877,13.889,-0.007,0.708,0.054,0.478,3.000,1.000,0.000,0.014
16.164,0.0439,1048.2370,6,True,0,Optimization terminated successfully,129,2.954,13.889,-0.007,0.707,0.006,0.457,3.000,1.000,0.000,0.013
16.191,0.0865,6.1151,11,True,0,Optimization terminated successfully,243,3.030,3.030,-0.006,0.693,0.000,0.442,-0.002,0.000,0.000,0.013
16.220,0.0183,6.0498,3,True,0,Optimization terminated successfully,67,3.103,3.103,-0.005,0.690,0.000,0.439,0.001,0.000,0.000,0.014
16.249,0.0246,6.0589,4,True,0,Optimization terminated successfully,89,3.176,3.176,-0.004,0.691,0.000,0.440,0.001,0.000,0.000,0.014
16.276,0.0283,6.0561,4,True,0,Optimization terminated successfully,89,3.247,3.247,-0.004,0.692,0.000,0.440,0.001,0.000,0.000,0.015
16.305,0.0265,5.9891,4,True,0,Optimization terminated successfully,89,3.316,3.316,-0.003,0.691,0.014,0.446,0.001,0.000,0.000,0.016
16.334,0.0243,5.9035,4,True,0,Optimization terminated successfully,89,3.384,3.384,-0.002,0.691,0.033,0.453,0.000,0.000,0.000,0.017
16.362,0.0250,5.7842,4,True,0,Optimization terminated successfully,89,3.451,3.451,-0.002,0.690,0.061,0.463,-0.001,0.000,0.000,0.018
16.376,0.0376,937.2225,6,True,0,Optimization terminated successfully,131,3.514,13.889,-0.001,0.689,0.171,0.507,3.000,1.000,0.000,0.020
16.417,0.0464,924.7475,7,True,0,Optimization terminated successfully,153,3.576,13.889,-0.000,0.663,0.333,0.557,3.000,1.000,0.000,0.023
16.444,0.0376,912.4925,6,True,0,Optimization terminated successfully,131,3.635,13.889,0.000,0.604,0.405,0.547,3.000,1.000,0.000,0.023
16.472,0.0381,900.6166,6,True,0,Optimization terminated successfully,131,3.695,13.889,0.001,0.556,0.412,0.520,3.000,1.000,0.000,0.022
16.500,0.0374,888.4533,6,True,0,Optimization terminated successfully,132,3.756,13.889,0.001,0.484,0.408,0.472,3.000,1.000,0.000,0.020
16.527,0.0385,876.3726,6,True,0,Optimization terminated successfully,132,3.818,13.889,0.002,0.410,0.361,0.406,2.992,0.997,0.000,0.018
16.555,0.0392,864.6155,6,True,0,Optimization terminated successfully,132,3.880,13.889,0.002,0.370,0.233,0.328,2.984,0.995,0.000,0.015
16.584,0.0429,852.9647,6,True,0,Optimization terminated successfully,132,3.944,13.889,0.002,0.353,0.046,0.240,2.973,0.991,0.000,0.012
16.597,0.0432,841.1845,6,True,0,Optimization terminated successfully,132,4.009,13.889,0.002,0.333,-0.066,0.182,2.959,0.986,0.000,0.009
16.640,0.0364,829.4784,5,True,0,Optimization terminated successfully,110,4.076,13.889,0.003,0.345,-0.141,0.159,2.950,0.983,0.000,0.009
16.668,0.0373,817.6946,5,True,0,Optimization terminated successfully,110,4.143,13.889,0.003,0.375,-0.171,0.167,2.939,0.980,0.000,0.009
16.701,0.0424,805.5514,6,True,0,Optimization terminated successfully,130,4.214,13.889,0.003,0.413,-0.185,0.185,2.928,0.976,0.000,0.010
16.717,0.0430,792.8167,6,True,0,Optimization terminated successfully,132,4.289,13.889,0.003,0.448,-0.192,0.203,2.914,0.971,0.000,0.011
16.762,0.0384,779.6260,6,True,0,Optimization terminated successfully,130,4.366,13.889,0.003,0.471,-0.218,0.208,2.903,0.968,0.000,0.011
16.775,0.0417,766.2240,6,True,0,Optimization terminated successfully,132,4.446,13.889,0.003,0.491,-0.245,0.209,2.889,0.963,0.000,0.011
16.821,0.0377,752.7244,6,True,0,Optimization terminated successfully,132,4.528,13.889,0.003,0.538,-0.251,0.236,2.875,0.958,0.000,0.012
16.850,0.0372,738.1413,6,True,0,Optimization terminated successfully,132,4.615,13.889,0.003,0.556,-0.229,0.257,2.861,0.954,0.000,0.013
16.878,0.0430,723.4018,7,True,0,Optimization terminated successfully,152,4.706,13.889,0.003,0.602,-0.159,0.314,2.847,0.949,0.000,0.015
16.907,0.0396,707.7842,6,True,0,Optimization terminated successfully,132,4.801,13.889,0.003,0.628,-0.092,0.358,2.831,0.944,0.000,0.017
16.936,0.0403,691.3157,6,True,0,Optimization terminated successfully,132,4.900,13.889,0.003,0.627,-0.070,0.366,2.815,0.938,0.000,0.018
16.964,0.0376,675.4536,6,True,0,Optimization terminated successfully,132,4.998,13.889,0.003,0.628,-0.062,0.370,2.799,0.933,0.000,0.018
16.992,0.0383,662.9413,6,True,0,Optimization terminated successfully,132,5.075,13.889,0.003,0.626,-0.059,0.370,2.787,0.929,0.000,0.018
17.022,0.0359,653.3023,6,True,0,Optimization terminated successfully,132,5.137,13.889,0.004,0.635,-0.072,0.370,2.777,0.926,0.000,0.018
17.050,0.0403,645.6115,6,True,0,Optimization terminated successfully,132,5.186,13.889,0.004,0.642,-0.083,0.370,2.769,0.923,0.000,0.018
17.078,0.0371,638.8564,6,True,0,Optimization terminated successfully,132,5.231,13.889,0.004,0.658,-0.098,0.374,2.761,0.920,0.000,0.019
17.106,0.0384,632.0710,6,True,0,Optimization terminated successfully,132,5.276,13.889,0.004,0.671,-0.106,0.379,2.754,0.918,0.000,0.019
17.134,0.0421,625.2727,6,True,0,Optimization terminated successfully,132,5.323,13.889,0.004,0.697,-0.107,0.395,2.746,0.915,0.000,0.020
17.162,0.0377,617.3901,6,True,0,Optimization terminated successfully,132,5.375,13.889,0.004,0.711,-0.086,0.412,2.738,0.913,0.000,0.020
17.190,0.0380,608.0987,6,True,0,Optimization terminated successfully,132,5.436,13.889,0.004,0.719,-0.053,0.431,2.728,0.909,0.000,0.021
17.204,0.0369,597.0754,6,True,0,Optimization terminated successfully,132,5.508,13.889,0.005,0.720,-0.033,0.440,2.716,0.905,0.000,0.022
17.247,0.0367,584.1395,6,True,0,Optimization terminated successfully,132,5.593,13.889,0.005,0.720,-0.023,0.444,2.702,0.901,0.000,0.022
17.275,0.0393,568.7857,6,True,0,Optimization terminated successfully,132,5.696,13.889,0.005,0.719,-0.005,0.450,2.686,0.895,0.000,0.022
17.289,0.0364,551.3839,6,True,0,Optimization terminated successfully,132,5.815,13.889,0.004,0.716,0.000,0.451,2.666,0.889,0.000,0.022
17.331,0.0719,6.0512,11,True,0,Optimization terminated successfully,243,5.948,5.948,0.004,0.706,0.031,0.457,-0.002,0.000,0.000,0.022
17.358,0.0252,5.6392,4,True,0,Optimization terminated successfully,89,6.102,6.102,0.004,0.699,0.122,0.493,-0.000,0.000,0.000,0.024
17.387,0.0264,5.3180,4,True,0,Optimization terminated successfully,89,6.278,6.278,0.005,0.685,0.153,0.494,-0.001,0.000,0.000,0.024
17.414,0.0322,4.7664,5,True,0,Optimization terminated successfully,111,6.470,6.470,0.005,0.659,0.204,0.499,0.001,0.000,0.000,0.024
17.442,0.0248,4.4885,4,True,0,Optimization terminated successfully,89,6.671,6.671,0.005,0.645,0.230,0.500,0.001,0.000,0.000,0.024
17.471,0.0314,4.4018,5,True,0,Optimization terminated successfully,111,6.878,6.878,0.005,0.640,0.234,0.499,0.000,0.000,0.000,0.024
17.498,0.0308,4.0557,5,True,0,Optimization terminated successfully,111,7.084,7.084,0.005,0.613,0.218,0.475,0.000,0.000,0.000,0.024
17.525,0.0258,3.8467,4,True,0,Optimization terminated successfully,89,7.289,7.289,0.005,0.593,0.183,0.447,0.000,0.000,0.000,0.023
17.539,0.0243,3.7226,4,True,0,Optimization terminated successfully,89,7.488,7.488,0.005,0.582,0.173,0.436,0.001,0.000,0.000,0.022
17.581,0.0248,3.6187,4,True,0,Optimization terminated successfully,89,7.681,7.681,0.006,0.573,0.162,0.425,0.001,0.000,0.000,0.022
17.595,0.0247,3.5242,4,True,0,Optimization terminated successfully,89,7.867,7.867,0.006,0.563,0.141,0.410,0.000,0.000,0.000,0.022
17.639,0.0245,3.4694,4,True,0,Optimization terminated successfully,89,8.046,8.046,0.007,0.555,0.117,0.395,-0.001,0.000,0.000,0.022
17.667,0.0244,3.3772,4,True,0,Optimization terminated successfully,89,8.218,8.218,0.007,0.545,0.096,0.379,-0.001,0.000,0.000,0.021
17.680,0.0278,3.3682,4,True,0,Optimization terminated successfully,89,8.383,8.383,0.008,0.545,0.096,0.379,-0.001,0.000,0.000,0.022
17.723,0.0253,3.3141,4,True,0,Optimization terminated successfully,89,8.543,8.543,0.009,0.539,0.084,0.370,0.001,0.000,0.000,0.022
17.751,0.0263,3.2768,4,True,0,Optimization terminated successfully,89,8.699,8.699,0.009,0.535,0.073,0.362,0.001,0.000,0.000,0.022
17.779,0.0264,3.2047,4,True,0,Optimization terminated successfully,89,8.850,8.850,0.010,0.528,0.063,0.353,0.001,0.000,0.000,0.023
17.809,0.0253,3.1126,4,True,0,Optimization terminated successfully,89,9.000,9.000,0.011,0.519,0.049,0.341,-0.000,0.000,0.000,0.023
17.839,0.0259,3.0921,4,True,0,Optimization terminated successfully,89,9.145,9.145,0.012,0.515,0.033,0.332,-0.001,0.000,0.000,0.023
17.853,0.0255,3.0836,4,True,0,Optimization terminated successfully,89,9.288,9.288,0.012,0.515,0.033,0.332,-0.001,0.000,0.000,0.024
17.881,0.0203,3.0519,3,True,0,Optimization terminated successfully,67,9.427,9.427,0.013,0.512,0.026,0.323,0.001,0.000,0.000,0.024
17.924,0.0269,3.0651,4,True,0,Optimization terminated successfully,89,9.562,9.562,0.013,0.510,0.007,0.317,-0.000,0.000,0.000,0.024
17.953,0.0189,3.0301,3,True,0,Optimization terminated successfully,67,9.694,9.694,0.014,0.506,0.001,0.310,0.000,0.000,0.000,0.024
17.981,0.0262,3.0330,4,True,0,Optimization terminated successfully,89,9.823,9.823,0.014,0.507,0.000,0.312,0.000,0.000,0.000,0.025
18.010,0.0182,3.0185,3,True,0,Optimization terminated successfully,67,9.949,9.949,0.015,0.506,0.000,0.308,-0.001,0.000,0.000,0.025
18.038,0.0205,3.0137,3,True,0,Optimization terminated successfully,67,10.073,10.073,0.015,0.506,0.000,0.308,-0.000,0.000,0.000,0.025
18.067,0.0183,3.0619,3,True,0,Optimization terminated successfully,67,10.193,10.193,0.016,0.510,0.000,0.311,-0.000,0.000,0.000,0.025
18.080,0.0191,3.0579,3,True,0,Optimization terminated successfully,67,10.311,10.311,0.016,0.510,0.000,0.310,-0.000,0.000,0.000,0.026
18.110,0.0207,3.0413,3,True,0,Optimization terminated successfully,67,10.426,10.426,0.016,0.509,0.000,0.309,0.000,0.000,0.000,0.026
18.138,0.0187,3.0514,3,True,0,Optimization terminated successfully,67,10.533,10.533,0.017,0.511,0.000,0.310,0.000,0.000,0.000,0.026
18.167,0.0192,3.0461,3,True,0,Optimization terminated successfully,67,10.625,10.625,0.017,0.511,0.000,0.310,0.000,0.000,0.000,0.027
18.209,0.0194,3.0390,3,True,0,Optimization terminated successfully,67,10.689,10.689,0.018,0.511,0.000,0.309,0.000,0.000,0.000,0.027
18.223,0.0203,3.0724,3,True,0,Optimization terminated successfully,67,10.717,10.717,0.018,0.514,0.000,0.311,0.000,0.000,0.000,0.028
18.253,0.0195,3.0638,3,True,0,Optimization terminated successfully,67,10.701,10.701,0.019,0.514,0.000,0.310,0.000,0.000,0.000,0.028
18.296,0.0189,3.0571,3,True,0,Optimization terminated successfully,67,10.642,10.642,0.020,0.514,0.000,0.310,0.000,0.000,0.000,0.029
18.325,0.0198,3.0696,3,True,0,Optimization terminated successfully,67,10.538,10.538,0.020,0.515,0.000,0.311,0.000,0.000,0.000,0.029
18.355,0.0203,3.0532,3,True,0,Optimization terminated successfully,67,10.391,10.391,0.020,0.514,0.000,0.310,0.000,0.000,0.000,0.029
18.369,0.0220,3.0497,3,True,0,Optimization terminated successfully,67,10.202,10.202,0.021,0.514,0.000,0.310,0.000,0.000,0.000,0.030
18.413,0.0189,3.0476,3,True,0,Optimization terminated successfully,67,9.980,9.980,0.021,0.514,0.000,0.310,0.000,0.000,0.000,0.030
18.443,0.0190,3.0469,3,True,0,Optimization terminated successfully,67,9.726,9.726,0.021,0.514,0.000,0.310,0.000,0.000,0.000,0.030
18.474,0.0187,3.0456,3,True,0,Optimization terminated successfully,67,9.444,9.444,0.021,0.514,0.000,0.310,0.000,0.000,0.000,0.030
18.504,0.0238,3.0421,3,True,0,Optimization terminated successfully,67,9.140,9.140,0.021,0.514,0.000,0.309,0.000,0.000,0.000,0.030
18.518,0.0187,3.0228,3,True,0,Optimization terminated successfully,67,8.822,8.822,0.022,0.513,0.000,0.308,0.000,0.000,0.000,0.030
18.561,0.0208,3.0225,3,True,0,Optimization terminated successfully,67,8.435,8.435,0.022,0.514,0.000,0.308,0.000,0.000,0.000,0.031
18.590,0.0203,3.0095,3,True,0,Optimization terminated successfully,67,7.963,7.963,0.023,0.513,0.000,0.308,0.000,0.000,0.000,0.031
18.604,0.0211,3.0013,3,True,0,Optimization terminated successfully,67,7.417,7.417,0.023,0.513,0.000,0.307,0.000,0.000,0.000,0.032
18.633,0.0189,2.9925,3,True,0,Optimization terminated successfully,67,6.807,6.807,0.024,0.513,0.000,0.307,0.000,0.000,0.000,0.033
18.676,0.0207,2.9720,3,True,0,Optimization terminated successfully,67,6.160,6.160,0.025,0.513,0.000,0.306,0.000,0.000,0.000,0.033
18.705,0.0187,2.9566,3,True,0,Optimization terminated successfully,67,5.502,5.502,0.027,0.513,0.000,0.305,0.000,0.000,0.000,0.034
18.734,0.0192,2.9402,3,True,0,Optimization terminated successfully,67,4.859,4.859,0.028,0.513,0.000,0.304,0.000,0.000,0.000,0.035
18.764,0.0192,2.9254,3,True,0,Optimization terminated successfully,67,4.257,4.257,0.029,0.513,0.000,0.303,0.000,0.000,0.000,0.036
18.792,0.0206,2.9120,3,True,0,Optimization terminated successfully,67,3.712,3.712,0.030,0.513,0.000,0.303,0.000,0.000,0.000,0.037
18.807,0.0204,2.9027,3,True,0,Optimization terminated successfully,67,3.236,3.236,0.031,0.513,0.000,0.302,0.000,0.000,0.000,0.038
18.853,0.0190,2.8955,3,True,0,Optimization terminated successfully,67,2.836,2.836,0.032,0.513,0.000,0.302,0.000,0.000,0.000,0.038
18.867,0.0189,2.8939,3,True,0,Optimization terminated successfully,67,2.508,2.508,0.032,0.513,0.000,0.302,0.000,0.000,0.000,0.038
18.909,0.0207,2.8962,3,True,0,Optimization terminated successfully,67,2.240,2.240,0.031,0.513,0.000,0.302,0.000,0.000,0.000,0.038
18.939,0.0190,2.9054,3,True,0,Optimization terminated successfully,67,2.021,2.021,0.031,0.513,0.000,0.302,0.000,0.000,0.000,0.038
18.967,0.0190,2.8999,3,True,0,Optimization terminated successfully,67,1.841,1.841,0.030,0.511,0.000,0.302,0.000,0.000,0.000,0.037
18.996,0.0205,2.9428,3,True,0,Optimization terminated successfully,67,1.690,1.690,0.028,0.513,0.000,0.304,0.000,0.000,0.000,0.036
19.024,0.0189,2.9666,3,True,0,Optimization terminated successfully,67,1.561,1.561,0.026,0.513,0.000,0.306,0.000,0.000,0.000,0.034
19.054,0.0188,2.9975,3,True,0,Optimization terminated successfully,67,1.446,1.446,0.024,0.513,0.000,0.307,0.000,0.000,0.000,0.032
19.068,0.0207,3.0245,3,True,0,Optimization terminated successfully,67,1.342,1.342,0.021,0.513,0.000,0.309,0.000,0.000,0.000,0.030
19.097,0.0186,3.0406,3,True,0,Optimization terminated successfully,67,1.246,1.246,0.019,0.512,0.000,0.309,0.000,0.000,0.000,0.028
19.140,0.0190,3.0831,3,True,0,Optimization terminated successfully,67,1.160,1.160,0.016,0.512,0.000,0.312,0.000,0.000,0.000,0.026
19.169,0.0194,3.1168,3,True,0,Optimization terminated successfully,67,1.078,1.078,0.013,0.512,0.000,0.313,0.000,0.000,0.000,0.024
19.199,0.0209,3.1073,3,True,0,Optimization terminated successfully,67,0.999,0.999,0.011,0.509,0.000,0.313,0.000,0.000,0.000,0.022
19.233,0.0191,3.1402,3,True,0,Optimization terminated successfully,67,0.921,0.921,0.009,0.510,0.000,0.314,0.000,0.000,0.000,0.020
19.265,0.0197,3.1572,3,True,0,Optimization terminated successfully,67,0.838,0.838,0.007,0.509,0.000,0.315,0.000,0.000,0.000,0.019
19.296,0.0205,3.1778,3,True,0,Optimization terminated successfully,67,0.748,0.748,0.005,0.509,0.000,0.316,0.000,0.000,0.000,0.017
19.326,0.0211,3.1934,3,True,0,Optimization terminated successfully,67,0.642,0.642,0.004,0.509,0.000,0.317,0.000,0.000,0.000,0.016
19.357,0.0186,3.2060,3,True,0,Optimization terminated successfully,67,0.514,0.514,0.003,0.509,0.000,0.318,0.000,0.000,0.000,0.016
19.385,0.0196,3.2163,3,True,0,Optimization terminated successfully,67,0.402,0.402,0.002,0.509,0.000,0.318,0.000,0.000,0.000,0.015
19.399,0.0189,3.2251,3,True,0,Optimization terminated successfully,67,0.346,0.346,0.002,0.509,0.000,0.319,0.000,0.000,0.000,0.014
19.442,0.0195,3.2319,3,True,0,Optimization terminated successfully,67,0.335,0.335,0.001,0.509,0.000,0.319,0.000,0.000,0.000,0.014
19.474,0.0210,3.2373,3,True,0,Optimization terminated successfully,67,0.366,0.366,0.001,0.509,0.000,0.319,0.000,0.000,0.000,0.014
19.503,0.0206,3.2415,3,True,0,Optimization terminated successfully,67,0.439,0.439,0.000,0.509,0.000,0.319,0.000,0.000,0.000,0.013
19.517,0.0201,3.2444,3,True,0,Optimization terminated successfully,67,0.546,0.546,0.000,0.509,0.000,0.320,0.000,0.000,0.000,0.013
19.546,0.0189,3.2466,3,True,0,Optimization terminated successfully,67,0.686,0.686,-0.000,0.509,0.000,0.320,0.000,0.000,0.000,0.013
19.590,0.0186,3.2482,3,True,0,Optimization terminated successfully,67,0.853,0.853,-0.000,0.509,0.000,0.320,0.000,0.000,0.000,0.013
19.620,0.0188,3.2494,3,True,0,Optimization terminated successfully,67,1.040,1.040,-0.000,0.509,0.000,0.320,0.000,0.000,0.000,0.013
19.650,0.0190,3.2500,3,True,0,Optimization terminated successfully,67,1.241,1.241,-0.000,0.509,0.000,0.320,0.000,0.000,0.000,0.013
19.665,0.0189,3.2441,3,True,0,Optimization terminated successfully,67,1.452,1.452,-0.000,0.509,0.000,0.319,0.000,0.000,0.000,0.013
19.712,0.0192,3.2530,3,True,0,Optimization terminated successfully,67,1.669,1.669,-0.000,0.509,0.000,0.320,0.000,0.000,0.000,0.013
19.743,0.0187,3.2458,3,True,0,Optimization terminated successfully,67,1.891,1.891,-0.000,0.509,0.000,0.320,0.000,0.000,0.000,0.013
19.773,0.0194,3.2605,3,True,0,Optimization terminated successfully,67,2.114,2.114,-0.000,0.510,0.000,0.320,0.000,0.000,0.000,0.013
19.804,0.0189,3.2605,3,True,0,Optimization terminated successfully,67,2.338,2.338,-0.000,0.510,0.000,0.320,0.000,0.000,0.000,0.013
19.818,0.0188,3.2597,3,True,0,Optimization terminated successfully,67,2.562,2.562,-0.000,0.510,0.000,0.320,0.000,0.000,0.000,0.013
19.863,0.0227,3.2822,3,True,0,Optimization terminated successfully,67,2.782,2.782,-0.000,0.512,0.000,0.321,0.000,0.000,0.000,0.013
19.893,0.0232,3.2747,3,True,0,Optimization terminated successfully,67,3.001,3.001,-0.001,0.511,0.000,0.321,0.000,0.000,0.000,0.013
19.922,0.0186,3.2944,3,True,0,Optimization terminated successfully,67,3.217,3.217,-0.001,0.512,0.000,0.322,0.000,0.000,0.000,0.012
19.937,0.0249,3.2962,3,True,0,Optimization terminated successfully,67,3.430,3.430,-0.001,0.512,0.000,0.322,0.000,0.000,0.000,0.012
19.982,0.0217,3.3011,3,True,0,Optimization terminated successfully,67,3.641,3.641,-0.002,0.512,0.000,0.322,0.000,0.000,0.000,0.012
19.996,0.0239,3.3179,3,True,0,Optimization terminated successfully,67,3.849,3.849,-0.002,0.513,0.000,0.323,0.000,0.000,0.000,0.012
20.040,0.0266,3.3235,3,True,0,Optimization terminated successfully,67,4.054,4.054,-0.002,0.513,0.000,0.323,0.000,0.000,0.000,0.011
20.054,0.0251,3.3400,3,True,0,Optimization terminated successfully,67,4.258,4.258,-0.003,0.514,0.000,0.324,0.000,0.000,0.000,0.011
20.097,0.0193,3.3443,3,True,0,Optimization terminated successfully,67,4.459,4.459,-0.003,0.514,0.000,0.324,0.000,0.000,0.000,0.011
20.128,0.0210,3.3343,3,True,0,Optimization terminated successfully,67,4.658,4.658,-0.003,0.513,0.000,0.324,0.000,0.000,0.000,0.011
20.141,0.0205,3.3309,3,True,0,Optimization terminated successfully,67,4.858,4.858,-0.003,0.513,0.000,0.324,0.000,0.000,0.000,0.011
20.171,0.0229,3.3094,3,True,0,Optimization terminated successfully,67,5.058,5.058,-0.002,0.512,0.000,0.323,0.000,0.000,0.000,0.011
20.216,0.0192,3.3040,3,True,0,Optimization terminated successfully,67,5.254,5.254,-0.002,0.512,0.000,0.322,0.000,0.000,0.000,0.012
20.245,0.0199,3.2973,3,True,0,Optimization terminated successfully,67,5.438,5.438,-0.001,0.512,0.000,0.322,0.000,0.000,0.000,0.012
20.275,0.0207,3.2892,3,True,0,Optimization terminated successfully,67,5.615,5.615,-0.001,0.512,0.000,0.322,0.000,0.000,0.000,0.012
20.305,0.0188,3.2801,3,True,0,Optimization terminated successfully,67,5.788,5.788,-0.000,0.512,0.000,0.321,0.000,0.000,0.000,0.013
20.319,0.0196,3.2723,3,True,0,Optimization terminated successfully,67,5.964,5.964,0.000,0.512,0.000,0.321,0.000,0.000,0.000,0.014
20.347,0.0191,3.2628,3,True,0,Optimization terminated successfully,67,6.144,6.144,0.001,0.512,0.000,0.320,0.000,0.000,0.000,0.014
20.389,0.0200,3.2534,3,True,0,Optimization terminated successfully,67,6.330,6.330,0.002,0.512,0.000,0.320,0.000,0.000,0.000,0.015
20.419,0.0216,3.2493,3,True,0,Optimization terminated successfully,67,6.523,6.523,0.003,0.512,0.000,0.320,0.000,0.000,0.000,0.015
20.446,0.0194,3.2412,3,True,0,Optimization terminated successfully,67,6.720,6.720,0.003,0.512,0.000,0.319,0.000,0.000,0.000,0.016
20.460,0.0192,3.2319,3,True,0,Optimization terminated successfully,67,6.919,6.919,0.004,0.512,0.000,0.319,0.000,0.000,0.000,0.016
20.488,0.0192,3.2218,3,True,0,Optimization terminated successfully,67,7.120,7.120,0.005,0.512,0.000,0.318,0.000,0.000,0.000,0.017
20.516,0.0198,3.2234,3,True,0,Optimization terminated successfully,67,7.323,7.323,0.006,0.513,0.000,0.318,0.000,0.000,0.000,0.018
20.545,0.0210,3.2133,3,True,0,Optimization terminated successfully,67,7.527,7.527,0.007,0.513,0.000,0.318,0.000,0.000,0.000,0.019
20.589,0.0225,3.1922,3,True,0,Optimization terminated successfully,67,7.729,7.729,0.008,0.513,0.000,0.317,0.000,0.000,0.000,0.019
20.618,0.0213,3.1845,3,True,0,Optimization terminated successfully,67,7.932,7.932,0.009,0.513,0.000,0.317,0.000,0.000,0.000,0.020
20.633,0.0196,3.1724,3,True,0,Optimization terminated successfully,67,8.133,8.133,0.010,0.513,0.000,0.316,0.000,0.000,0.000,0.021
20.661,0.0200,3.1494,3,True,0,Optimization terminated successfully,67,8.332,8.332,0.011,0.513,0.000,0.315,0.000,0.000,0.000,0.022
20.707,0.0190,3.1434,3,True,0,Optimization terminated successfully,67,8.530,8.530,0.012,0.513,0.000,0.314,0.000,0.000,0.000,0.023
20.736,0.0190,3.1336,3,True,0,Optimization terminated successfully,67,8.727,8.727,0.013,0.513,0.000,0.314,0.000,0.000,0.000,0.023
20.767,0.0196,3.1260,3,True,0,Optimization terminated successfully,67,8.924,8.924,0.013,0.513,0.000,0.314,0.000,0.000,0.000,0.024
20.795,0.0194,3.1209,3,True,0,Optimization terminated successfully,67,9.122,9.122,0.014,0.513,0.000,0.313,0.000,0.000,0.000,0.024
20.811,0.0190,3.1182,3,True,0,Optimization terminated successfully,67,9.321,9.321,0.014,0.513,0.000,0.313,0.000,0.000,0.000,0.024
20.858,0.0193,3.1167,3,True,0,Optimization terminated successfully,67,9.521,9.521,0.014,0.513,0.000,0.313,0.000,0.000,0.000,0.024
20.890,0.0193,3.1163,3,True,0,Optimization terminated successfully,67,9.722,9.722,0.014,0.513,0.000,0.313,0.000,0.000,0.000,0.024
20.904,0.0195,3.1165,3,True,0,Optimization terminated successfully,67,9.924,9.924,0.014,0.513,0.000,0.313,0.000,0.000,0.000,0.024
20.947,0.0196,3.1160,3,True,0,Optimization terminated successfully,67,10.123,10.123,0.014,0.513,0.000,0.313,0.000,0.000,0.000,0.024
20.977,0.0197,3.1296,3,True,0,Optimization terminated successfully,67,10.315,10.315,0.014,0.514,0.000,0.314,0.000,0.000,0.000,0.024
21.007,0.0219,3.1200,3,True,0,Optimization terminated successfully,67,10.496,10.496,0.014,0.514,0.000,0.313,0.000,0.000,0.000,0.025
21.036,0.0218,3.1286,3,True,0,Optimization terminated successfully,67,10.656,10.656,0.015,0.515,0.000,0.314,0.000,0.000,0.000,0.025
21.064,0.0199,3.1195,3,True,0,Optimization terminated successfully,67,10.788,10.788,0.015,0.514,0.000,0.313,0.000,0.000,0.000,0.025
21.092,0.0229,3.1231,3,True,0,Optimization terminated successfully,67,10.889,10.889,0.016,0.515,0.000,0.313,0.000,0.000,0.000,0.026
21.121,0.0214,3.1043,3,True,0,Optimization terminated successfully,67,10.957,10.957,0.017,0.515,0.000,0.312,0.000,0.000,0.000,0.027
21.151,0.0208,3.0877,3,True,0,Optimization terminated successfully,67,10.993,10.993,0.018,0.515,0.000,0.312,0.000,0.000,0.000,0.028
21.164,0.0211,3.0730,3,True,0,Optimization terminated successfully,67,11.002,11.002,0.019,0.515,0.000,0.311,0.000,0.000,0.000,0.029
21.207,0.0198,3.0605,3,True,0,Optimization terminated successfully,67,10.990,10.990,0.020,0.515,0.000,0.310,0.000,0.000,0.000,0.029
21.221,0.0222,3.0519,3,True,0,Optimization terminated successfully,67,10.966,10.966,0.021,0.515,0.000,0.310,0.000,0.000,0.000,0.030
21.265,0.0197,3.0487,3,True,0,Optimization terminated successfully,67,10.938,10.938,0.021,0.515,0.000,0.310,0.000,0.000,0.000,0.030
21.292,0.0191,3.0369,3,True,0,Optimization terminated successfully,67,10.916,10.916,0.021,0.514,0.000,0.309,0.000,0.000,0.000,0.030
21.306,0.0214,3.0193,3,True,0,Optimization terminated successfully,67,10.908,10.908,0.021,0.512,0.000,0.308,0.000,0.000,0.000,0.030
21.334,0.0214,2.9655,3,True,0,Optimization terminated successfully,67,10.918,10.918,0.020,0.507,0.001,0.306,0.000,0.000,0.000,0.029
21.365,0.0194,2.9370,3,True,0,Optimization terminated successfully,67,10.950,10.950,0.018,0.504,0.007,0.308,0.000,0.000,0.000,0.027
21.410,0.0206,2.9051,3,True,0,Optimization terminated successfully,67,11.007,11.007,0.017,0.502,0.016,0.311,0.000,0.000,0.000,0.026
21.440,0.0252,2.8175,4,True,0,Optimization terminated successfully,89,11.085,11.085,0.015,0.496,0.035,0.320,0.000,0.000,0.000,0.025
21.472,0.0193,2.6924,3,True,0,Optimization terminated successfully,67,11.184,11.184,0.014,0.489,0.059,0.323,0.001,0.000,0.000,0.024
21.487,0.0271,2.1085,4,True,0,Optimization terminated successfully,89,11.303,11.303,0.012,0.445,0.124,0.325,0.001,0.000,0.000,0.023
21.517,0.0268,1.8444,4,True,0,Optimization terminated successfully,89,11.436,11.436,0.011,0.423,0.157,0.325,0.001,0.000,0.000,0.023
21.561,0.0257,1.5005,4,True,0,Optimization terminated successfully,89,11.581,11.581,0.011,0.390,0.198,0.321,-0.000,0.000,0.000,0.022
21.589,0.0271,1.1499,4,True,0,Optimization terminated successfully,89,11.733,11.733,0.011,0.351,0.238,0.313,-0.001,0.000,0.000,0.021
21.603,0.0319,1.0280,5,True,0,Optimization terminated successfully,111,11.891,11.891,0.010,0.337,0.263,0.315,0.000,0.000,0.000,0.021
21.657,0.0263,0.8344,4,True,0,Optimization terminated successfully,89,12.066,12.066,0.011,0.309,0.291,0.308,0.001,0.000,0.000,0.021
21.672,0.0268,0.6469,4,True,0,Optimization terminated successfully,89,12.243,12.243,0.011,0.277,0.314,0.297,0.000,0.000,0.000,0.021
21.714,0.0256,0.5022,4,True,0,Optimization terminated successfully,89,12.419,12.419,0.011,0.247,0.333,0.285,-0.000,0.000,0.000,0.021
21.742,0.0322,0.3976,5,True,0,Optimization terminated successfully,111,12.594,12.594,0.012,0.221,0.336,0.270,0.001,0.000,0.000,0.020
21.772,0.0259,0.2925,4,True,0,Optimization terminated successfully,89,12.769,12.769,0.012,0.190,0.318,0.242,0.000,0.000,0.000,0.020
21.785,0.0258,0.1715,4,True,0,Optimization terminated successfully,89,12.942,12.942,0.013,0.147,0.264,0.192,-0.001,0.000,0.000,0.018
21.814,0.0270,0.1070,4,True,0,Optimization terminated successfully,89,13.115,13.115,0.014,0.116,0.230,0.158,-0.001,0.000,0.000,0.018
24.840,0.0191,0.0834,3,True,0,Optimization terminated successfully,67,10.781,10.781,0.015,0.102,0.216,0.142,0.000,0.000,0.000,0.018
24.854,0.0301,0.0511,4,True,0,Optimization terminated successfully,89,8.667,8.667,0.017,0.066,0.199,0.112,-0.000,0.000,0.000,0.018
24.896,0.0214,0.0760,3,True,0,Optimization terminated successfully,67,6.774,6.774,0.018,0.006,0.189,0.068,-0.000,0.000,0.000,0.017
24.924,0.0253,0.0967,4,True,0,Optimization terminated successfully,89,5.106,5.106,0.019,-0.013,0.179,0.052,-0.000,0.000,0.000,0.018
24.955,0.0224,0.1176,3,True,0,Optimization terminated successfully,67,3.667,3.667,0.020,-0.025,0.175,0.042,-0.000,0.000,0.000,0.018
24.970,0.0211,0.1321,3,True,0,Optimization terminated successfully,67,2.460,2.460,0.021,-0.032,0.171,0.036,-0.000,0.000,0.000,0.018
25.014,0.0190,0.1427,3,True,0,Optimization terminated successfully,67,1.489,1.489,0.021,-0.037,0.170,0.032,-0.000,0.000,0.000,0.019
25.041,0.0209,0.1316,3,True,0,Optimization terminated successfully,67,0.756,0.756,0.022,-0.034,0.164,0.031,0.000,0.000,0.000,0.019
25.055,0.0217,0.1246,3,True,0,Optimization terminated successfully,67,0.264,0.264,0.023,-0.035,0.151,0.025,0.000,0.000,0.000,0.020
25.098,0.0191,0.1095,3,True,0,Optimization terminated successfully,67,0.016,0.016,0.023,-0.044,0.101,-0.004,0.000,0.000,0.000,0.019
25.111,0.0134,0.0892,2,True,0,Optimization terminated successfully,45,0.016,0.016,0.024,-0.040,0.080,-0.007,-0.001,0.000,0.000,0.019
25.161,0.0150,0.0930,2,True,0,Optimization terminated successfully,45,0.016,0.016,0.025,-0.037,0.096,0.001,0.000,0.000,0.000,0.020
25.192,0.0191,0.0795,3,True,0,Optimization terminated successfully,67,0.016,0.016,0.025,-0.017,0.132,0.031,-0.000,0.000,0.000,0.022
25.206,0.0219,0.1137,3,True,0,Optimization terminated successfully,67,0.016,0.016,0.026,-0.022,0.163,0.036,0.000,0.000,0.000,0.022
25.234,0.0197,0.1125,3,True,0,Optimization terminated successfully,67,0.016,0.016,0.026,-0.017,0.173,0.043,0.000,0.000,0.000,0.023
25.275,0.0199,0.0747,3,True,0,Optimization terminated successfully,67,0.016,0.016,0.027,0.000,0.160,0.048,0.000,0.000,0.000,0.024
25.289,0.0197,0.0669,3,True,0,Optimization terminated successfully,67,0.015,0.015,0.027,0.000,0.147,0.042,0.000,0.000,0.000,0.024
25.333,0.0199,0.0516,3,True,0,Optimization terminated successfully,67,0.014,0.014,0.028,0.000,0.121,0.031,0.000,0.000,0.000,0.024
25.360,0.0212,0.0376,3,True,0,Optimization terminated successfully,67,0.014,0.014,0.028,0.000,0.092,0.019,0.000,0.000,0.000,0.024
25.390,0.0146,0.0285,2,True,0,Optimization terminated successfully,45,0.014,0.014,0.028,0.000,0.069,0.010,-0.001,0.000,0.000,0.024
25.404,0.0130,0.0226,2,True,0,Optimization terminated successfully,45,0.014,0.014,0.029,0.000,0.052,0.004,0.000,0.000,0.000,0.024
25.447,0.0146,0.0194,2,True,0,Optimization terminated successfully,45,0.015,0.015,0.028,0.000,0.042,0.000,-0.001,0.000,0.000,0.023
25.477,0.0128,0.0172,2,True,0,Optimization terminated successfully,45,0.016,0.016,0.028,0.000,0.035,-0.002,0.000,0.000,0.000,0.023
25.508,0.0130,0.0201,2,True,0,Optimization terminated successfully,45,0.016,0.016,0.028,-0.005,0.031,-0.007,-0.000,0.000,0.000,0.022
25.539,0.0066,0.0236,1,True,0,Optimization terminated successfully,23,0.017,0.017,0.028,-0.005,0.042,-0.004,-0.001,0.000,0.000,0.022
25.567,0.0073,0.0233,1,True,0,Optimization terminated successfully,23,0.017,0.017,0.027,-0.005,0.042,-0.002,-0.001,0.000,0.000,0.022
25.597,0.0070,0.0241,1,True,0,Optimization terminated successfully,23,0.017,0.017,0.027,-0.004,0.050,0.001,-0.002,0.000,0.000,0.022
25.626,0.0066,0.0259,1,True,0,Optimization terminated successfully,23,0.017,0.017,0.027,-0.002,0.059,0.005,-0.003,0.000,0.000,0.022
25.654,0.0069,0.0257,1,True,0,Optimization terminated successfully,23,0.017,0.017,0.026,-0.002,0.059,0.008,-0.002,0.000,0.000,0.022
25.687,0.0193,0.0285,3,True,0,Optimization terminated successfully,67,0.016,0.016,0.027,-0.003,0.067,0.008,0.000,0.000,0.000,0.022
25.701,0.0130,0.0291,2,True,0,Optimization terminated successfully,45,0.014,0.014,0.027,0.000,0.076,0.014,-0.000,0.000,0.000,0.022
25.745,0.0135,0.0307,2,True,0,Optimization terminated successfully,45,0.013,0.013,0.027,0.000,0.079,0.015,-0.001,0.000,0.000,0.023
25.773,0.0130,0.0316,2,True,0,Optimization terminated successfully,45,0.012,0.012,0.027,0.000,0.081,0.016,0.001,0.000,0.000,0.023
25.787,0.0128,0.0312,2,True,0,Optimization terminated successfully,45,0.011,0.011,0.027,0.000,0.079,0.016,-0.000,0.000,0.000,0.023
25.830,0.0135,0.0315,2,True,0,Optimization terminated successfully,45,0.009,0.009,0.028,0.000,0.079,0.015,0.001,0.000,0.000,0.023
25.845,0.0144,0.0294,2,True,0,Optimization terminated successfully,45,0.008,0.008,0.028,0.000,0.073,0.013,-0.000,0.000,0.000,0.023
25.892,0.0126,0.0230,2,True,0,Optimization terminated successfully,45,0.007,0.007,0.028,0.000,0.054,0.005,0.001,0.000,0.000,0.023
25.906,0.0156,0.0197,2,True,0,Optimization terminated successfully,45,0.006,0.006,0.029,0.000,0.043,0.000,-0.000,0.000,0.000,0.023
25.948,0.0132,0.0165,2,True,0,Optimization terminated successfully,45,0.005,0.005,0.029,0.000,0.030,-0.006,0.000,0.000,0.000,0.023
25.977,0.0071,0.0168,1,True,0,Optimization terminated successfully,23,0.004,0.004,0.029,0.000,0.030,-0.004,0.001,0.000,0.000,0.024
25.992,0.0064,0.0172,1,True,0,Optimization terminated successfully,23,0.003,0.003,0.030,0.000,0.030,-0.004,0.001,0.000,0.000,0.024
26.041,0.0076,0.0176,1,True,0,Optimization terminated successfully,23,0.003,0.003,0.030,0.000,0.030,-0.003,0.001,0.000,0.000,0.024
26.072,0.0070,0.0179,1,True,0,Optimization terminated successfully,23,0.002,0.002,0.030,0.000,0.030,-0.003,0.002,0.000,0.000,0.025
26.099,0.0069,0.0182,1,True,0,Optimization terminated successfully,23,0.002,0.002,0.031,0.000,0.030,-0.003,0.002,0.000,0.000,0.025
26.127,0.0075,0.0185,1,True,0,Optimization terminated successfully,23,0.002,0.002,0.031,0.000,0.030,-0.004,0.002,0.000,0.000,0.025
26.156,0.0069,0.0189,1,True,0,Optimization terminated successfully,23,0.002,0.002,0.031,0.000,0.030,-0.004,0.002,0.000,0.000,0.026
26.184,0.0065,0.0193,1,True,0,Optimization terminated successfully,23,0.001,0.001,0.032,0.000,0.030,-0.004,0.002,0.000,0.000,0.026
26.213,0.0070,0.0198,1,True,0,Optimization terminated successfully,23,0.001,0.001,0.032,0.000,0.030,-0.005,0.002,0.000,0.000,0.026
26.242,0.0065,0.0203,1,True,0,Optimization terminated successfully,23,0.001,0.001,0.033,0.000,0.030,-0.005,0.002,0.000,0.000,0.027
26.272,0.0065,0.0208,1,True,0,Optimization terminated successfully,23,0.001,0.001,0.033,0.000,0.030,-0.006,0.002,0.000,0.000,0.027
26.300,0.0066,0.0212,1,True,0,Optimization terminated successfully,23,0.001,0.001,0.034,0.000,0.030,-0.006,0.002,0.000,0.000,0.027
26.329,0.0068,0.0217,1,True,0,Optimization terminated successfully,23,0.001,0.001,0.034,0.000,0.030,-0.007,0.002,0.000,0.000,0.028
26.357,0.0067,0.0193,1,True,0,Optimization terminated successfully,23,0.001,0.001,0.035,0.000,0.019,-0.011,0.004,0.000,0.000,0.028
26.388,0.0068,0.0195,1,True,0,Optimization terminated successfully,23,0.001,0.001,0.035,0.000,0.019,-0.011,0.001,0.000,0.000,0.028
26.417,0.0066,0.0197,1,True,0,Optimization terminated successfully,23,0.001,0.001,0.035,0.000,0.019,-0.012,0.002,0.000,0.000,0.028
26.448,0.0073,0.0199,1,True,0,Optimization terminated successfully,23,0.001,0.001,0.036,0.000,0.019,-0.013,0.002,0.000,0.000,0.029
26.463,0.0064,0.0201,1,True,0,Optimization terminated successfully,23,0.001,0.001,0.036,0.000,0.019,-0.013,0.002,0.000,0.000,0.029
26.509,0.0069,0.0204,1,True,0,Optimization terminated successfully,23,0.000,0.000,0.036,0.000,0.019,-0.013,0.002,0.000,0.000,0.029
26.538,0.0064,0.0187,1,True,0,Optimization terminated successfully,23,0.000,0.000,0.036,0.000,0.009,-0.017,0.004,0.000,0.000,0.029
